PerformanceId,StartTime,EndTime,ExpectedAttendance,FestivalId,StageId,PerformerId
1,2025-08-06 01:32:00,2025-08-06 02:32:00,67086,169,373,884
2,2026-03-19 22:20:00,2026-03-20 01:20:00,53700,984,917,633
3,2026-04-14 08:47:00,2026-04-14 10:47:00,57193,554,393,679
4,2025-12-09 18:16:00,2025-12-09 21:16:00,29884,177,284,264
5,2026-03-18 22:26:00,2026-03-19 02:26:00,23911,984,917,460
6,2027-07-12 23:45:00,2027-07-13 01:45:00,49801,336,778,817
7,2027-10-06 17:34:00,2027-10-06 21:34:00,22576,957,648,732
8,2028-04-21 02:32:00,2028-04-21 05:32:00,33443,72,756,469
9,2026-05-02 11:00:00,2026-05-02 13:00:00,67454,695,847,23
10,2027-01-02 03:57:00,2027-01-02 07:57:00,13018,853,471,110
11,2025-08-14 03:01:00,2025-08-14 07:01:00,52775,821,579,84
12,2028-02-03 21:51:00,2028-02-04 00:51:00,3539,768,423,577
13,2028-07-03 08:35:00,2028-07-03 09:35:00,11159,534,595,304
14,2027-09-19 19:47:00,2027-09-19 21:47:00,66634,815,122,646
15,2025-10-12 07:08:00,2025-10-12 10:08:00,55120,749,754,873
16,2026-02-02 11:58:00,2026-02-02 12:58:00,38593,414,827,9
17,2025-12-11 16:06:00,2025-12-11 17:06:00,35073,800,916,297
18,2028-11-18 16:40:00,2028-11-18 17:40:00,51265,96,288,827
19,2027-03-27 15:36:00,2027-03-27 19:36:00,63803,94,855,940
20,2027-09-15 09:04:00,2027-09-15 10:04:00,54528,723,358,240
21,2026-02-02 04:42:00,2026-02-02 05:42:00,65661,182,313,764
22,2027-06-12 13:33:00,2027-06-12 14:33:00,45589,172,209,317
23,2027-09-21 18:00:00,2027-09-21 21:00:00,4269,815,122,771
24,2025-03-03 10:47:00,2025-03-03 14:47:00,33587,263,997,244
25,2025-12-12 14:10:00,2025-12-12 17:10:00,40960,726,375,941
26,2025-09-20 03:37:00,2025-09-20 07:37:00,26310,916,735,259
27,2025-04-28 09:32:00,2025-04-28 13:32:00,47681,523,874,281
28,2025-07-03 08:46:00,2025-07-03 10:46:00,59103,837,410,928
29,2026-09-20 04:28:00,2026-09-20 06:28:00,27422,193,45,555
30,2027-08-19 19:44:00,2027-08-19 23:44:00,53899,173,69,139
31,2025-03-13 01:34:00,2025-03-13 03:34:00,68361,146,663,493
32,2025-08-25 04:12:00,2025-08-25 08:12:00,55837,256,470,492
33,2028-03-31 04:58:00,2028-03-31 06:58:00,41749,324,192,466
34,2027-12-14 12:50:00,2027-12-14 15:50:00,54822,967,82,125
35,2026-09-18 12:18:00,2026-09-18 15:18:00,42859,15,674,516
36,2026-04-19 15:57:00,2026-04-19 16:57:00,52374,843,227,125
37,2026-03-28 08:57:00,2026-03-28 10:57:00,60972,995,217,72
38,2025-01-08 10:54:00,2025-01-08 12:54:00,64389,408,677,176
39,2025-04-26 23:36:00,2025-04-27 00:36:00,16553,693,670,204
40,2024-12-11 15:37:00,2024-12-11 17:37:00,63809,356,10,119
41,2026-04-26 01:42:00,2026-04-26 03:42:00,24372,449,799,915
42,2025-07-19 15:30:00,2025-07-19 17:30:00,61153,108,220,777
43,2028-05-14 00:40:00,2028-05-14 01:40:00,29903,388,77,62
44,2026-06-20 19:00:00,2026-06-20 22:00:00,11213,348,302,681
45,2025-12-15 03:15:00,2025-12-15 06:15:00,69149,830,955,361
46,2025-10-25 16:29:00,2025-10-25 18:29:00,17635,453,666,764
47,2025-02-26 02:16:00,2025-02-26 03:16:00,50637,443,462,686
48,2025-11-26 11:39:00,2025-11-26 15:39:00,30116,968,645,47
49,2027-12-11 06:04:00,2027-12-11 10:04:00,9737,956,606,933
50,2028-02-15 12:52:00,2028-02-15 15:52:00,33621,570,448,71
51,2025-01-10 18:47:00,2025-01-10 19:47:00,12797,454,948,997
52,2028-01-30 11:24:00,2028-01-30 14:24:00,64227,463,946,305
53,2028-05-12 17:58:00,2028-05-12 19:58:00,50657,388,77,529
54,2027-07-15 13:02:00,2027-07-15 14:02:00,18429,223,484,382
55,2028-02-19 18:36:00,2028-02-19 21:36:00,65328,303,669,120
56,2026-01-16 18:30:00,2026-01-16 21:30:00,22009,318,243,906
57,2025-11-27 18:40:00,2025-11-27 20:40:00,5199,827,998,560
58,2027-01-29 06:36:00,2027-01-29 10:36:00,59453,759,264,595
59,2026-11-25 14:35:00,2026-11-25 15:35:00,67463,37,456,916
60,2028-04-26 02:56:00,2028-04-26 03:56:00,25594,975,74,906
61,2026-03-25 13:58:00,2026-03-25 14:58:00,56943,398,167,634
62,2025-04-25 04:55:00,2025-04-25 07:55:00,14831,693,433,403
63,2028-10-03 14:01:00,2028-10-03 18:01:00,3525,813,854,857
64,2028-10-05 03:14:00,2028-10-05 07:14:00,31388,444,348,679
65,2026-03-23 15:48:00,2026-03-23 16:48:00,31340,984,917,294
66,2025-09-29 18:04:00,2025-09-29 22:04:00,18217,405,347,385
67,2025-10-26 18:31:00,2025-10-26 19:31:00,16457,102,20,450
68,2027-05-30 09:28:00,2027-05-30 10:28:00,40081,552,937,33
69,2028-07-03 08:44:00,2028-07-03 12:44:00,27964,534,537,922
70,2027-07-09 16:01:00,2027-07-09 20:01:00,12525,336,776,955
71,2027-09-19 00:14:00,2027-09-19 03:14:00,16735,520,692,917
72,2028-09-09 16:50:00,2028-09-09 17:50:00,268,292,922,114
73,2027-02-07 05:28:00,2027-02-07 07:28:00,45084,961,450,318
74,2025-07-30 12:38:00,2025-07-30 14:38:00,66,631,476,522
75,2025-11-17 18:45:00,2025-11-17 20:45:00,57453,535,147,783
76,2025-04-26 14:53:00,2025-04-26 17:53:00,68813,693,433,110
77,2025-10-25 08:35:00,2025-10-25 11:35:00,499,102,20,569
78,2027-04-05 18:40:00,2027-04-05 20:40:00,67573,498,638,807
79,2027-12-13 00:31:00,2027-12-13 04:31:00,31387,967,573,92
80,2027-01-29 01:43:00,2027-01-29 03:43:00,2753,73,102,107
81,2026-02-28 02:24:00,2026-02-28 04:24:00,5863,938,54,715
82,2026-11-06 23:57:00,2026-11-07 01:57:00,53509,341,60,960
83,2026-05-17 22:32:00,2026-05-18 00:32:00,41672,252,771,382
84,2028-07-05 13:59:00,2028-07-05 17:59:00,15562,197,361,832
85,2028-12-18 04:48:00,2028-12-18 07:48:00,39368,873,480,542
86,2028-09-27 00:43:00,2028-09-27 04:43:00,62494,354,956,50
87,2025-12-16 14:16:00,2025-12-16 15:16:00,66640,202,133,503
88,2027-05-08 17:50:00,2027-05-08 21:50:00,1568,913,107,129
89,2027-02-25 15:49:00,2027-02-25 17:49:00,56519,25,44,624
90,2025-06-04 04:45:00,2025-06-04 05:45:00,63043,884,942,82
91,2028-03-03 00:37:00,2028-03-03 04:37:00,12374,627,247,126
92,2027-06-16 03:52:00,2027-06-16 04:52:00,32095,188,544,778
93,2026-03-09 07:07:00,2026-03-09 08:07:00,19465,54,805,28
94,2026-12-19 13:13:00,2026-12-19 14:13:00,25220,802,115,49
95,2026-02-26 15:59:00,2026-02-26 17:59:00,9092,205,425,178
96,2028-03-23 07:47:00,2028-03-23 09:47:00,18381,591,812,440
97,2026-09-20 05:00:00,2026-09-20 06:00:00,56760,193,458,595
98,2025-03-03 04:00:00,2025-03-03 08:00:00,27155,263,997,827
99,2027-01-29 19:58:00,2027-01-29 23:58:00,13907,73,391,185
100,2025-07-10 09:34:00,2025-07-10 12:34:00,63421,898,208,638
101,2025-01-03 22:37:00,2025-01-04 01:37:00,67341,838,989,221
102,2025-07-25 11:35:00,2025-07-25 15:35:00,67946,505,379,625
103,2026-09-20 12:33:00,2026-09-20 15:33:00,46289,15,674,246
104,2028-05-22 23:12:00,2028-05-23 00:12:00,50484,714,561,492
105,2026-12-14 09:20:00,2026-12-14 13:20:00,35871,521,353,975
106,2027-09-19 07:22:00,2027-09-19 11:22:00,54747,520,376,731
107,2028-11-11 09:36:00,2028-11-11 12:36:00,32793,411,862,699
108,2026-07-08 12:39:00,2026-07-08 16:39:00,45038,623,245,414
109,2028-12-19 19:25:00,2028-12-19 22:25:00,43962,111,287,146
110,2028-10-05 15:26:00,2028-10-05 19:26:00,14705,271,676,748
111,2026-06-28 20:36:00,2026-06-28 23:36:00,34721,134,660,442
112,2025-11-14 13:12:00,2025-11-14 14:12:00,60021,728,465,319
113,2026-01-21 19:20:00,2026-01-21 20:20:00,20319,717,659,521
114,2028-02-29 08:13:00,2028-02-29 10:13:00,54761,936,191,616
115,2028-04-03 20:10:00,2028-04-03 23:10:00,54680,324,192,17
116,2026-12-16 19:57:00,2026-12-16 22:57:00,1299,259,451,677
117,2028-04-25 12:42:00,2028-04-25 16:42:00,55779,975,882,47
118,2028-11-15 13:56:00,2028-11-15 14:56:00,52856,639,37,321
119,2027-05-27 17:52:00,2027-05-27 20:52:00,58600,872,365,926
120,2026-04-26 06:06:00,2026-04-26 07:06:00,4668,449,799,67
121,2025-05-28 10:15:00,2025-05-28 14:15:00,13800,779,625,323
122,2026-07-09 00:21:00,2026-07-09 04:21:00,714,623,968,216
123,2026-04-27 21:17:00,2026-04-27 22:17:00,35153,246,354,999
124,2025-07-11 23:13:00,2025-07-12 00:13:00,63875,268,541,313
125,2025-12-14 14:17:00,2025-12-14 16:17:00,11632,726,896,777
126,2027-10-24 11:46:00,2027-10-24 12:46:00,7086,269,753,278
127,2027-03-13 14:21:00,2027-03-13 16:21:00,22796,399,650,233
128,2028-07-22 05:18:00,2028-07-22 07:18:00,8057,719,330,713
129,2025-07-02 16:59:00,2025-07-02 19:59:00,42372,455,104,194
130,2025-07-17 18:54:00,2025-07-17 20:54:00,23504,870,257,651
131,2028-08-21 22:16:00,2028-08-22 01:16:00,45231,711,832,507
132,2025-12-11 19:09:00,2025-12-11 21:09:00,8226,353,244,183
133,2025-11-25 17:54:00,2025-11-25 20:54:00,53321,968,645,28
134,2025-10-27 19:19:00,2025-10-27 22:19:00,32528,803,822,200
135,2027-08-18 17:55:00,2027-08-18 21:55:00,2893,137,372,990
136,2025-07-27 13:41:00,2025-07-27 15:41:00,3804,245,267,228
137,2025-05-27 19:08:00,2025-05-27 22:08:00,50220,442,1000,490
138,2025-12-07 17:12:00,2025-12-07 19:12:00,48573,143,601,671
139,2025-08-05 16:00:00,2025-08-05 20:00:00,57207,868,843,960
140,2027-09-06 12:39:00,2027-09-06 14:39:00,20551,277,828,568
141,2027-12-17 16:11:00,2027-12-17 18:11:00,5744,629,18,16
142,2026-02-28 06:44:00,2026-02-28 09:44:00,39432,581,164,831
143,2028-08-16 18:24:00,2028-08-16 22:24:00,627,704,978,542
144,2028-01-31 17:27:00,2028-01-31 18:27:00,39436,320,757,479
145,2028-01-02 15:01:00,2028-01-02 16:01:00,64602,612,350,749
146,2026-07-28 18:26:00,2026-07-28 19:26:00,51219,50,446,723
147,2024-12-10 02:45:00,2024-12-10 06:45:00,25398,140,921,918
148,2025-06-23 00:17:00,2025-06-23 01:17:00,62967,502,61,650
149,2028-06-03 05:59:00,2028-06-03 06:59:00,16408,74,824,476
150,2028-10-05 07:34:00,2028-10-05 08:34:00,55278,271,73,875
151,2027-12-24 02:31:00,2027-12-24 04:31:00,41841,363,880,567
152,2026-08-28 15:52:00,2026-08-28 19:52:00,36655,304,900,919
153,2026-10-07 09:38:00,2026-10-07 13:38:00,63407,170,719,380
154,2025-04-05 14:28:00,2025-04-05 15:28:00,28129,861,303,978
155,2025-01-28 18:09:00,2025-01-28 20:09:00,9985,604,135,358
156,2026-09-27 10:43:00,2026-09-27 11:43:00,63084,266,662,652
157,2028-08-14 14:36:00,2028-08-14 17:36:00,28762,674,720,509
158,2027-11-19 07:28:00,2027-11-19 08:28:00,15726,679,779,742
159,2025-12-09 20:53:00,2025-12-09 22:53:00,64078,177,995,768
160,2028-10-29 07:33:00,2028-10-29 08:33:00,35609,772,163,798
161,2026-05-15 19:40:00,2026-05-15 22:40:00,16032,799,62,333
162,2027-07-01 13:31:00,2027-07-01 14:31:00,42311,810,309,71
163,2025-09-19 23:33:00,2025-09-20 01:33:00,9492,916,735,771
164,2025-03-15 10:19:00,2025-03-15 12:19:00,57629,59,802,445
165,2025-07-03 09:37:00,2025-07-03 12:37:00,47944,897,819,820
166,2025-06-16 01:34:00,2025-06-16 05:34:00,62540,901,128,753
167,2026-09-15 17:07:00,2026-09-15 18:07:00,29072,611,641,857
168,2028-11-18 07:33:00,2028-11-18 11:33:00,21119,96,288,817
169,2028-01-29 23:37:00,2028-01-30 03:37:00,7939,395,979,761
170,2026-08-21 12:14:00,2026-08-21 16:14:00,43688,496,314,696
171,2025-12-08 17:53:00,2025-12-08 21:53:00,49188,177,995,679
172,2028-01-03 11:07:00,2028-01-03 12:07:00,22104,550,966,78
173,2026-05-05 01:17:00,2026-05-05 04:17:00,33051,770,111,589
174,2025-09-02 01:28:00,2025-09-02 03:28:00,21468,817,591,467
175,2027-12-11 03:14:00,2027-12-11 07:14:00,24953,705,552,417
176,2027-04-09 14:12:00,2027-04-09 16:12:00,28386,84,545,179
177,2027-07-26 17:18:00,2027-07-26 19:18:00,56221,536,981,718
178,2028-08-21 00:21:00,2028-08-21 02:21:00,16112,711,832,151
179,2026-05-23 02:36:00,2026-05-23 04:36:00,18827,103,836,516
180,2027-04-07 00:46:00,2027-04-07 04:46:00,69998,991,108,480
181,2025-10-15 12:10:00,2025-10-15 16:10:00,50048,240,248,519
182,2025-04-10 03:52:00,2025-04-10 04:52:00,69058,540,105,776
183,2028-05-21 02:46:00,2028-05-21 05:46:00,19989,186,132,99
184,2025-04-30 20:08:00,2025-05-01 00:00:00,17239,527,490,983
185,2027-04-06 20:56:00,2027-04-07 00:00:00,15398,110,200,874
186,2028-10-02 01:40:00,2028-10-02 04:40:00,44608,271,73,575
187,2026-05-03 16:29:00,2026-05-03 20:29:00,59818,82,31,270
188,2028-03-17 01:00:00,2028-03-17 04:00:00,47310,858,179,619
189,2026-10-23 22:23:00,2026-10-24 02:23:00,31134,391,870,729
190,2025-07-06 02:10:00,2025-07-06 05:10:00,54390,455,319,745
191,2028-05-09 23:47:00,2028-05-10 02:47:00,10001,998,750,320
192,2028-12-16 12:25:00,2028-12-16 14:25:00,42134,105,863,134
193,2027-07-16 06:54:00,2027-07-16 09:54:00,13151,474,556,395
194,2028-11-14 22:57:00,2028-11-15 00:57:00,7673,639,37,55
195,2026-05-06 05:30:00,2026-05-06 09:30:00,56329,770,111,309
196,2028-02-14 16:04:00,2028-02-14 20:04:00,34460,570,448,537
197,2026-03-15 04:58:00,2026-03-15 05:58:00,33691,829,526,204
198,2027-12-17 14:27:00,2027-12-17 16:27:00,25835,561,651,4
199,2027-01-17 17:19:00,2027-01-17 20:19:00,36208,860,652,110
200,2026-02-22 05:36:00,2026-02-22 09:36:00,29975,747,436,523
201,2025-02-01 02:01:00,2025-02-01 06:01:00,69308,130,919,245
202,2027-06-13 01:18:00,2027-06-13 05:18:00,21528,172,209,964
203,2028-01-20 19:25:00,2028-01-20 23:25:00,64097,401,333,41
204,2025-02-11 00:37:00,2025-02-11 03:37:00,2730,557,982,898
205,2025-07-01 09:14:00,2025-07-01 12:14:00,52605,525,131,233
206,2025-08-26 14:19:00,2025-08-26 16:19:00,38699,262,134,300
207,2025-09-03 10:57:00,2025-09-03 13:57:00,11270,274,657,886
208,2027-05-22 17:30:00,2027-05-22 21:30:00,22177,488,839,654
209,2025-03-29 23:03:00,2025-03-30 00:03:00,14088,776,368,410
210,2027-06-12 01:02:00,2027-06-12 02:02:00,5660,172,276,196
211,2027-03-21 04:53:00,2027-03-21 07:53:00,19028,16,430,363
212,2026-01-17 15:09:00,2026-01-17 17:09:00,58881,318,243,206
213,2028-04-06 11:24:00,2028-04-06 15:24:00,36590,14,683,448
214,2025-05-27 09:17:00,2025-05-27 10:17:00,25273,779,625,943
215,2026-01-10 03:02:00,2026-01-10 06:02:00,69431,751,758,492
216,2027-08-21 03:33:00,2027-08-21 07:33:00,9754,173,69,230
217,2026-05-04 05:26:00,2026-05-04 07:26:00,40299,770,947,457
218,2025-04-04 22:28:00,2025-04-04 23:28:00,20815,157,308,2
219,2025-09-14 01:22:00,2025-09-14 02:22:00,69144,916,363,457
220,2025-04-09 13:27:00,2025-04-09 14:27:00,16509,854,940,306
221,2028-02-29 17:19:00,2028-02-29 20:19:00,35222,748,775,917
222,2025-10-10 00:05:00,2025-10-10 04:05:00,33595,749,754,203
223,2027-12-12 15:31:00,2027-12-12 16:31:00,14119,956,672,408
224,2026-08-27 04:15:00,2026-08-27 08:15:00,33524,469,411,950
225,2028-02-08 08:36:00,2028-02-08 09:36:00,4845,796,182,369
226,2028-08-10 00:44:00,2028-08-10 03:44:00,57973,181,505,193
227,2028-05-31 11:03:00,2028-05-31 15:03:00,1179,74,895,541
228,2026-04-25 20:00:00,2026-04-26 00:00:00,60438,499,366,373
229,2028-11-19 23:30:00,2028-11-20 00:30:00,17187,9,865,865
230,2026-05-01 01:23:00,2026-05-01 03:23:00,56868,932,933,198
231,2028-04-27 11:56:00,2028-04-27 13:56:00,62934,975,74,831
232,2027-12-10 17:17:00,2027-12-10 21:17:00,35103,705,377,133
233,2028-02-18 06:18:00,2028-02-18 09:18:00,23141,303,669,695
234,2026-05-16 10:04:00,2026-05-16 14:04:00,45192,252,771,345
235,2027-04-08 19:20:00,2027-04-08 23:20:00,10175,84,545,834
236,2025-07-27 15:44:00,2025-07-27 18:44:00,18836,245,267,425
237,2026-07-03 19:58:00,2026-07-03 22:58:00,11921,113,26,330
238,2025-04-30 02:58:00,2025-04-30 06:58:00,13981,527,490,113
239,2026-11-05 13:46:00,2026-11-05 16:46:00,7392,625,341,419
240,2028-11-29 21:46:00,2028-11-29 22:46:00,46837,545,538,703
241,2028-11-09 21:26:00,2028-11-09 22:26:00,30701,392,879,720
242,2027-10-10 19:08:00,2027-10-10 22:08:00,63592,955,767,50
243,2025-05-03 06:26:00,2025-05-03 09:26:00,3127,924,965,859
244,2025-06-19 01:08:00,2025-06-19 03:08:00,56649,422,890,596
245,2027-08-19 10:16:00,2027-08-19 13:16:00,48450,537,399,40
246,2028-08-29 05:05:00,2028-08-29 09:05:00,50991,62,457,431
247,2028-04-12 16:24:00,2028-04-12 20:24:00,57343,649,84,357
248,2025-01-28 01:01:00,2025-01-28 03:01:00,3963,604,135,603
249,2027-04-06 08:42:00,2027-04-06 10:42:00,54005,460,119,717
250,2027-12-25 02:55:00,2027-12-25 03:55:00,31186,892,681,171
251,2025-05-14 10:17:00,2025-05-14 12:17:00,41287,712,717,517
252,2024-12-27 06:27:00,2024-12-27 10:27:00,20897,175,30,659
253,2026-09-14 19:17:00,2026-09-14 22:17:00,27454,823,383,430
254,2027-08-19 06:26:00,2027-08-19 09:26:00,4265,173,69,488
255,2028-01-07 10:14:00,2028-01-07 13:14:00,20983,133,762,343
256,2028-01-07 03:28:00,2028-01-07 04:28:00,2861,133,803,567
257,2025-07-11 07:42:00,2025-07-11 08:42:00,19032,457,225,150
258,2025-10-04 01:29:00,2025-10-04 03:29:00,8500,877,286,888
259,2025-03-16 13:08:00,2025-03-16 15:08:00,15021,59,802,590
260,2026-05-06 20:47:00,2026-05-06 22:47:00,15657,244,126,305
261,2025-05-16 19:28:00,2025-05-16 20:28:00,56577,163,27,39
262,2025-11-08 06:06:00,2025-11-08 09:06:00,46099,445,804,610
263,2026-09-12 17:34:00,2026-09-12 19:34:00,66715,281,565,397
264,2025-09-15 10:18:00,2025-09-15 13:18:00,36101,52,888,541
265,2026-09-04 06:14:00,2026-09-04 09:14:00,47423,370,567,936
266,2027-10-10 17:21:00,2027-10-10 20:21:00,67978,933,593,889
267,2027-10-10 19:30:00,2027-10-10 22:30:00,3491,420,825,14
268,2027-02-07 01:39:00,2027-02-07 03:39:00,8619,961,450,866
269,2027-12-12 19:36:00,2027-12-12 20:36:00,53639,950,332,602
270,2025-08-06 08:31:00,2025-08-06 12:31:00,42257,169,373,196
271,2028-02-23 17:15:00,2028-02-23 21:15:00,49619,729,63,559
272,2025-06-10 07:01:00,2025-06-10 10:01:00,12402,225,664,202
273,2027-04-02 12:02:00,2027-04-02 16:02:00,53903,500,487,713
274,2027-02-17 00:06:00,2027-02-17 02:06:00,45547,475,646,335
275,2027-01-26 23:58:00,2027-01-27 00:58:00,63294,73,391,527
276,2027-07-27 19:08:00,2027-07-27 22:08:00,68641,698,427,572
277,2028-06-03 13:24:00,2028-06-03 17:24:00,65529,387,254,123
278,2028-06-10 07:37:00,2028-06-10 10:37:00,35542,425,362,441
279,2025-08-15 12:01:00,2025-08-15 14:01:00,64628,621,570,177
280,2027-07-12 06:15:00,2027-07-12 09:15:00,24945,832,270,628
281,2025-12-09 06:20:00,2025-12-09 08:20:00,30814,177,995,101
282,2025-04-10 15:47:00,2025-04-10 17:47:00,8932,861,303,709
283,2026-03-09 11:00:00,2026-03-09 13:00:00,40995,54,805,107
284,2026-04-13 22:23:00,2026-04-14 01:23:00,65188,658,894,499
285,2027-12-26 14:27:00,2027-12-26 16:27:00,32180,257,406,618
286,2026-01-15 16:24:00,2026-01-15 17:24:00,46196,199,609,18
287,2028-06-15 19:46:00,2028-06-15 22:46:00,11528,637,6,525
288,2024-12-12 14:55:00,2024-12-12 17:55:00,6681,356,357,782
289,2028-06-11 00:56:00,2028-06-11 04:56:00,41913,637,6,484
290,2025-12-11 16:45:00,2025-12-11 18:45:00,22598,353,244,289
291,2026-08-29 20:35:00,2026-08-29 23:35:00,46975,469,411,779
292,2026-04-10 05:54:00,2026-04-10 07:54:00,9874,554,904,320
293,2026-11-10 15:26:00,2026-11-10 18:26:00,12368,19,971,23
294,2025-02-15 16:49:00,2025-02-15 19:49:00,13694,340,850,65
295,2025-05-08 06:56:00,2025-05-08 10:56:00,46161,213,920,16
296,2028-08-27 10:18:00,2028-08-27 13:18:00,43557,986,730,631
297,2026-07-01 19:02:00,2026-07-01 23:02:00,22678,677,101,402
298,2026-04-11 16:04:00,2026-04-11 19:04:00,12972,658,530,300
299,2027-10-09 08:56:00,2027-10-09 11:56:00,50388,933,593,595
300,2027-07-23 23:36:00,2027-07-24 02:36:00,59492,643,585,375
301,2027-09-25 07:39:00,2027-09-25 08:39:00,50287,815,122,126
302,2025-02-15 21:20:00,2025-02-15 22:20:00,11883,600,289,482
303,2027-11-05 07:42:00,2027-11-05 08:42:00,44180,725,486,580
304,2027-12-26 08:37:00,2027-12-26 11:37:00,23423,232,360,252
305,2026-04-01 01:18:00,2026-04-01 04:18:00,15270,738,229,370
306,2025-04-24 04:26:00,2025-04-24 05:26:00,47034,492,499,630
307,2025-11-17 11:29:00,2025-11-17 12:29:00,26032,752,113,549
308,2026-10-12 02:21:00,2026-10-12 03:21:00,52710,966,109,539
309,2025-03-13 18:52:00,2025-03-13 19:52:00,13525,59,114,189
310,2028-11-21 12:14:00,2028-11-21 15:14:00,25083,364,773,292
311,2028-03-16 11:30:00,2028-03-16 14:30:00,50606,83,678,979
312,2027-10-31 13:34:00,2027-10-31 16:34:00,14464,333,159,195
313,2025-11-18 17:44:00,2025-11-18 19:44:00,7960,129,387,685
314,2027-12-28 12:55:00,2027-12-28 14:55:00,6426,806,506,167
315,2027-01-30 05:08:00,2027-01-30 09:08:00,17281,778,781,307
316,2026-08-29 04:15:00,2026-08-29 07:15:00,38172,732,558,406
317,2026-09-23 09:41:00,2026-09-23 12:41:00,46106,651,528,296
318,2028-11-22 19:20:00,2028-11-22 21:20:00,27783,716,291,658
319,2025-11-26 19:29:00,2025-11-26 22:29:00,3205,968,236,739
320,2028-04-07 20:32:00,2028-04-07 21:32:00,1578,14,252,114
321,2028-02-04 14:55:00,2028-02-04 17:55:00,25496,796,587,588
322,2028-11-01 09:18:00,2028-11-01 10:18:00,21105,989,142,359
323,2028-10-05 21:02:00,2028-10-06 01:02:00,40130,572,858,304
324,2027-01-11 23:06:00,2027-01-12 00:06:00,7483,860,652,113
325,2025-11-20 16:33:00,2025-11-20 20:33:00,32306,129,387,806
326,2025-06-28 03:53:00,2025-06-28 06:53:00,61941,433,509,684
327,2025-03-03 09:19:00,2025-03-03 10:19:00,10517,100,967,36
328,2025-12-20 05:41:00,2025-12-20 09:41:00,50784,741,473,604
329,2028-04-05 14:12:00,2028-04-05 17:12:00,25728,472,517,897
330,2027-12-12 00:16:00,2027-12-12 04:16:00,27585,956,606,622
331,2027-05-03 10:20:00,2027-05-03 11:20:00,45823,913,107,438
332,2025-02-23 17:15:00,2025-02-23 18:15:00,48874,919,872,500
333,2028-07-08 19:33:00,2028-07-08 22:33:00,166,197,721,692
334,2027-07-07 23:27:00,2027-07-08 01:27:00,19961,724,193,338
335,2027-10-12 08:19:00,2027-10-12 09:19:00,54796,420,825,387
336,2027-11-07 16:21:00,2027-11-07 20:21:00,44143,798,452,886
337,2026-04-26 18:27:00,2026-04-26 21:27:00,10816,862,597,835
338,2026-10-12 18:42:00,2026-10-12 22:42:00,37122,966,234,378
339,2027-06-26 13:59:00,2027-06-26 14:59:00,28869,272,856,455
340,2028-10-03 13:33:00,2028-10-03 17:33:00,48248,335,472,824
341,2028-02-28 21:50:00,2028-02-28 23:50:00,39168,748,775,108
342,2025-08-22 02:52:00,2025-08-22 04:52:00,36338,256,470,611
343,2027-05-28 15:49:00,2027-05-28 18:49:00,65220,206,938,53
344,2028-10-22 12:11:00,2028-10-22 16:11:00,33491,624,991,757
345,2026-04-11 23:19:00,2026-04-12 03:19:00,52855,554,393,689
346,2028-08-04 16:40:00,2028-08-04 17:40:00,20930,289,402,157
347,2026-05-16 19:24:00,2026-05-16 23:24:00,61249,252,468,379
348,2026-01-23 02:25:00,2026-01-23 03:25:00,20608,717,768,696
349,2025-03-14 15:29:00,2025-03-14 16:29:00,52621,146,663,216
350,2027-06-13 07:48:00,2027-06-13 10:48:00,36281,172,276,147
351,2027-11-16 01:08:00,2027-11-16 04:08:00,45253,708,312,657
352,2026-11-08 20:53:00,2026-11-08 23:53:00,38189,559,759,558
353,2025-01-06 16:49:00,2025-01-06 17:49:00,51359,454,948,394
354,2025-10-23 15:17:00,2025-10-23 16:17:00,63498,102,20,916
355,2025-03-24 16:42:00,2025-03-24 19:42:00,30225,713,162,133
356,2026-04-26 07:18:00,2026-04-26 08:18:00,38764,891,684,454
357,2027-11-15 20:06:00,2027-11-15 22:06:00,5913,679,779,948
358,2026-03-17 20:36:00,2026-03-17 23:36:00,44519,984,917,835
359,2027-12-20 12:00:00,2027-12-20 16:00:00,59253,629,18,682
360,2028-10-03 20:13:00,2028-10-03 21:13:00,51180,813,204,70
361,2026-05-17 09:35:00,2026-05-17 10:35:00,59429,417,764,545
362,2028-01-27 03:06:00,2028-01-27 07:06:00,36364,116,400,770
363,2026-03-10 19:30:00,2026-03-10 21:30:00,14012,513,891,250
364,2028-04-22 09:17:00,2028-04-22 12:17:00,55850,72,756,99
365,2027-10-10 03:46:00,2027-10-10 06:46:00,6036,40,990,177
366,2028-08-24 15:39:00,2028-08-24 16:39:00,50761,711,832,855
367,2027-07-17 12:56:00,2027-07-17 14:56:00,61154,942,42,313
368,2025-05-23 18:06:00,2025-05-23 21:06:00,37012,727,586,540
369,2028-10-10 01:31:00,2028-10-10 04:31:00,9120,444,348,303
370,2027-02-27 02:00:00,2027-02-27 05:00:00,53858,816,842,716
371,2028-05-07 11:32:00,2028-05-07 12:32:00,52983,998,750,872
372,2027-12-17 03:03:00,2027-12-17 06:03:00,65448,561,651,722
373,2027-04-07 20:12:00,2027-04-07 21:12:00,13357,460,119,5
374,2025-11-15 11:14:00,2025-11-15 13:14:00,60017,228,615,564
375,2027-08-22 19:38:00,2027-08-22 21:38:00,17850,907,818,807
376,2027-03-20 18:33:00,2027-03-20 22:33:00,16308,90,715,547
377,2026-10-18 15:44:00,2026-10-18 17:44:00,40291,56,71,610
378,2027-12-02 22:22:00,2027-12-03 02:22:00,9454,814,584,525
379,2026-05-18 14:35:00,2026-05-18 18:35:00,36879,252,468,29
380,2027-03-27 04:58:00,2027-03-27 08:58:00,48007,551,834,52
381,2026-05-09 13:08:00,2026-05-09 14:08:00,15983,244,370,752
382,2026-11-07 11:57:00,2026-11-07 14:57:00,49898,19,971,869
383,2028-08-13 00:56:00,2028-08-13 03:56:00,48423,674,194,459
384,2028-03-31 14:04:00,2028-03-31 17:04:00,29329,324,192,766
385,2026-07-14 02:22:00,2026-07-14 05:22:00,53545,623,968,157
386,2027-12-16 12:13:00,2027-12-16 15:13:00,69987,112,95,812
387,2028-08-01 17:06:00,2028-08-01 20:06:00,30631,845,807,988
388,2025-11-28 19:13:00,2025-11-28 21:13:00,1071,383,22,788
389,2027-11-24 05:01:00,2027-11-24 07:01:00,60638,720,426,480
390,2028-04-05 00:13:00,2028-04-05 01:13:00,67579,980,582,939
391,2028-03-29 06:28:00,2028-03-29 10:28:00,21256,940,390,470
392,2027-07-02 02:30:00,2027-07-02 05:30:00,67189,272,305,511
393,2025-06-03 16:26:00,2025-06-03 18:26:00,21764,884,942,892
394,2026-03-16 14:08:00,2026-03-16 17:08:00,41669,369,973,509
395,2024-12-27 11:47:00,2024-12-27 15:47:00,3619,208,271,21
396,2027-03-14 08:23:00,2027-03-14 11:23:00,50132,887,975,859
397,2027-07-20 05:17:00,2027-07-20 07:17:00,12931,200,215,249
398,2028-08-13 03:00:00,2028-08-13 06:00:00,59457,674,720,882
399,2028-11-07 10:24:00,2028-11-07 12:24:00,11274,77,647,824
400,2024-12-31 10:13:00,2024-12-31 12:13:00,57649,809,766,814
401,2027-03-06 19:46:00,2027-03-06 21:46:00,39853,122,738,72
402,2025-10-19 01:30:00,2025-10-19 04:30:00,32673,209,129,584
403,2025-02-01 16:32:00,2025-02-01 17:32:00,16146,130,441,279
404,2028-01-30 14:43:00,2028-01-30 16:43:00,61186,320,757,789
405,2027-04-02 15:47:00,2027-04-02 17:47:00,64380,460,119,74
406,2026-01-16 10:53:00,2026-01-16 12:53:00,41073,318,15,665
407,2025-03-03 04:03:00,2025-03-03 07:03:00,48803,350,369,393
408,2027-04-14 04:49:00,2027-04-14 06:49:00,33095,409,172,768
409,2027-08-19 15:18:00,2027-08-19 17:18:00,13542,537,399,689
410,2025-04-27 06:04:00,2025-04-27 08:04:00,68518,601,876,796
411,2025-07-10 22:27:00,2025-07-11 00:27:00,47739,898,208,92
412,2028-01-09 08:05:00,2028-01-09 09:05:00,27442,133,2,432
413,2025-11-15 09:58:00,2025-11-15 12:58:00,41415,535,147,283
414,2027-04-18 22:59:00,2027-04-19 02:59:00,22843,24,12,920
415,2026-07-08 19:28:00,2026-07-08 20:28:00,33949,623,90,113
416,2027-08-21 23:03:00,2027-08-22 00:03:00,17992,427,459,452
417,2027-03-14 21:11:00,2027-03-14 22:11:00,49663,399,650,216
418,2028-02-14 14:27:00,2028-02-14 17:27:00,4217,794,961,692
419,2028-11-22 03:46:00,2028-11-22 04:46:00,22189,364,773,411
420,2028-10-11 05:45:00,2028-10-11 09:45:00,10484,467,103,252
421,2025-09-07 06:51:00,2025-09-07 09:51:00,22123,585,454,381
422,2026-09-27 20:09:00,2026-09-27 21:09:00,44131,750,212,411
423,2027-03-19 08:13:00,2027-03-19 10:13:00,17910,16,783,522
424,2027-05-08 16:12:00,2027-05-08 17:12:00,18565,159,614,489
425,2025-06-10 09:09:00,2025-06-10 10:09:00,67446,184,785,983
426,2025-05-23 00:51:00,2025-05-23 03:51:00,25800,727,586,932
427,2025-04-26 06:44:00,2025-04-26 10:44:00,36289,693,797,478
428,2027-07-08 14:53:00,2027-07-08 15:53:00,18511,435,439,760
429,2025-01-26 16:43:00,2025-01-26 17:43:00,15068,654,3,633
430,2025-02-08 23:16:00,2025-02-09 01:16:00,27615,557,871,124
431,2028-04-06 09:21:00,2028-04-06 12:21:00,54722,324,192,576
432,2028-06-17 03:25:00,2028-06-17 05:25:00,21339,637,6,322
433,2026-09-03 20:36:00,2026-09-03 22:36:00,1461,370,796,85
434,2026-05-09 11:15:00,2026-05-09 15:15:00,56059,244,304,326
435,2027-10-03 04:39:00,2027-10-03 05:39:00,15637,707,627,101
436,2027-01-17 04:12:00,2027-01-17 08:12:00,4120,860,281,40
437,2025-12-22 01:06:00,2025-12-22 02:06:00,32943,741,473,693
438,2026-08-17 07:35:00,2026-08-17 11:35:00,65494,107,337,868
439,2025-02-01 01:16:00,2025-02-01 02:16:00,30888,144,852,180
440,2027-07-18 18:17:00,2027-07-18 21:17:00,56680,78,385,781
441,2026-03-09 12:57:00,2026-03-09 14:57:00,42933,513,891,302
442,2028-03-21 16:19:00,2028-03-21 20:19:00,11277,591,812,73
443,2025-01-02 09:01:00,2025-01-02 12:01:00,25877,838,989,861
444,2025-02-13 22:33:00,2025-02-14 02:33:00,63873,906,226,892
445,2027-07-01 11:32:00,2027-07-01 14:32:00,57528,272,305,416
446,2025-08-28 10:50:00,2025-08-28 12:50:00,16645,262,134,786
447,2026-08-30 14:13:00,2026-08-30 16:13:00,2092,732,558,907
448,2027-09-07 20:29:00,2027-09-08 00:29:00,33429,692,737,648
449,2026-10-16 12:39:00,2026-10-16 16:39:00,61589,558,382,557
450,2026-11-09 07:36:00,2026-11-09 09:36:00,32603,883,207,180
451,2025-12-08 01:03:00,2025-12-08 03:03:00,12659,143,546,108
452,2026-04-29 19:31:00,2026-04-29 23:31:00,54564,987,262,855
453,2028-04-07 23:52:00,2028-04-08 01:52:00,41574,969,16,725
454,2025-02-15 16:13:00,2025-02-15 17:13:00,62734,600,820,140
455,2028-04-01 02:11:00,2028-04-01 03:11:00,34371,940,390,395
456,2027-07-29 10:53:00,2027-07-29 14:53:00,1547,536,813,404
457,2028-04-02 15:27:00,2028-04-02 16:27:00,8742,55,120,81
458,2028-02-03 03:39:00,2028-02-03 04:39:00,12796,768,745,665
459,2025-11-17 10:20:00,2025-11-17 12:20:00,7920,228,467,997
460,2028-08-11 10:12:00,2028-08-11 13:12:00,14038,181,505,801
461,2026-07-05 03:50:00,2026-07-05 04:50:00,8863,689,177,221
462,2027-06-04 09:37:00,2027-06-04 11:37:00,15619,247,221,256
463,2027-10-07 00:40:00,2027-10-07 02:40:00,21601,933,593,996
464,2026-02-11 00:05:00,2026-02-11 02:05:00,68407,731,667,64
465,2025-04-23 00:54:00,2025-04-23 01:54:00,47868,601,876,423
466,2028-11-21 21:15:00,2028-11-22 01:15:00,6419,364,594,842
467,2027-07-01 03:09:00,2027-07-01 07:09:00,36761,272,856,833
468,2025-07-05 08:00:00,2025-07-05 09:00:00,21141,672,987,128
469,2026-11-23 22:10:00,2026-11-24 00:10:00,64027,808,665,388
470,2025-05-22 18:35:00,2025-05-22 19:35:00,16010,265,482,388
471,2025-04-25 06:41:00,2025-04-25 09:41:00,38017,693,797,1
472,2028-02-21 05:38:00,2028-02-21 07:38:00,26586,303,669,968
473,2026-08-26 07:37:00,2026-08-26 11:37:00,42409,451,857,123
474,2026-07-01 09:51:00,2026-07-01 10:51:00,2863,677,711,620
475,2028-10-28 03:32:00,2028-10-28 04:32:00,25224,772,866,262
476,2028-02-03 19:14:00,2028-02-03 22:14:00,39711,395,497,363
477,2027-05-11 11:26:00,2027-05-11 12:26:00,15012,220,311,34
478,2027-12-28 12:20:00,2027-12-28 13:20:00,51705,943,557,960
479,2026-06-27 07:14:00,2026-06-27 10:14:00,19062,575,407,347
480,2028-11-21 23:57:00,2028-11-22 01:57:00,10746,716,291,206
481,2026-11-30 17:31:00,2026-11-30 21:31:00,60530,597,216,714
482,2028-06-07 06:44:00,2028-06-07 08:44:00,12909,425,540,302
483,2025-09-21 20:52:00,2025-09-21 23:52:00,32144,509,168,64
484,2027-12-24 12:47:00,2027-12-24 16:47:00,57259,363,197,367
485,2025-09-21 15:09:00,2025-09-21 17:09:00,66316,509,168,300
486,2026-01-09 00:43:00,2026-01-09 01:43:00,57942,751,758,922
487,2027-06-30 02:05:00,2027-06-30 06:05:00,6879,810,309,169
488,2027-01-01 17:55:00,2027-01-01 18:55:00,55381,853,471,736
489,2027-08-21 07:22:00,2027-08-21 10:22:00,33292,753,714,539
490,2026-05-26 12:26:00,2026-05-26 16:26:00,24424,114,121,576
491,2028-03-18 16:31:00,2028-03-18 18:31:00,47378,127,728,511
492,2025-05-10 17:27:00,2025-05-10 20:27:00,12015,213,817,956
493,2027-07-24 05:56:00,2027-07-24 07:56:00,50264,698,427,407
494,2027-04-16 16:57:00,2027-04-16 17:57:00,31573,39,694,680
495,2028-11-19 00:59:00,2028-11-19 02:59:00,20794,639,251,883
496,2025-02-09 04:46:00,2025-02-09 07:46:00,54206,155,335,383
497,2027-01-13 07:38:00,2027-01-13 10:38:00,8321,5,907,858
498,2025-08-29 18:46:00,2025-08-29 19:46:00,35520,274,381,545
499,2028-04-06 21:28:00,2028-04-07 01:28:00,21967,874,910,102
500,2026-08-08 23:10:00,2026-08-09 00:10:00,25325,183,485,353
501,2025-03-02 23:15:00,2025-03-03 02:15:00,28834,350,369,265
502,2026-04-24 08:20:00,2026-04-24 12:20:00,43010,246,354,299
503,2027-12-24 09:54:00,2027-12-24 11:54:00,16076,892,675,494
504,2027-04-02 09:03:00,2027-04-02 13:03:00,59273,110,671,469
505,2025-05-05 13:39:00,2025-05-05 17:39:00,21861,924,965,932
506,2026-10-03 02:50:00,2026-10-03 03:50:00,149,264,734,500
507,2027-05-30 13:32:00,2027-05-30 15:32:00,14914,206,67,717
508,2026-05-08 06:33:00,2026-05-08 07:33:00,31280,770,947,227
509,2026-05-26 18:58:00,2026-05-26 19:58:00,53662,114,504,94
510,2028-10-29 05:56:00,2028-10-29 08:56:00,25950,772,866,865
511,2028-02-15 20:22:00,2028-02-15 23:22:00,20343,570,156,517
512,2026-01-10 13:56:00,2026-01-10 16:56:00,38374,402,849,928
513,2025-11-12 15:38:00,2025-11-12 16:38:00,64347,728,465,365
514,2026-09-24 14:48:00,2026-09-24 16:48:00,10593,765,49,989
515,2025-02-15 21:12:00,2025-02-16 01:12:00,31354,835,513,440
516,2028-04-25 01:00:00,2028-04-25 03:00:00,68869,975,882,364
517,2028-09-15 08:20:00,2028-09-15 10:20:00,58032,647,424,13
518,2028-10-05 09:07:00,2028-10-05 11:07:00,42770,594,89,896
519,2025-04-11 16:09:00,2025-04-11 19:09:00,20828,479,321,617
520,2025-07-27 04:31:00,2025-07-27 07:31:00,25473,245,43,627
521,2027-03-14 06:26:00,2027-03-14 07:26:00,3733,937,171,476
522,2028-02-02 07:54:00,2028-02-02 11:54:00,10990,614,527,865
523,2026-01-22 08:08:00,2026-01-22 11:08:00,67581,717,768,104
524,2027-05-06 18:34:00,2027-05-06 20:34:00,21875,913,107,419
525,2028-07-24 22:51:00,2028-07-24 23:51:00,26112,721,668,886
526,2028-11-03 08:47:00,2028-11-03 12:47:00,65054,989,142,294
527,2025-01-19 08:01:00,2025-01-19 12:01:00,1920,733,640,353
528,2026-08-30 18:42:00,2026-08-30 21:42:00,48171,735,523,250
529,2026-09-19 06:36:00,2026-09-19 10:36:00,61990,786,148,398
530,2028-04-05 16:38:00,2028-04-05 20:38:00,47180,894,943,344
531,2028-03-22 07:49:00,2028-03-22 10:49:00,57556,591,812,339
532,2026-04-04 13:46:00,2026-04-04 17:46:00,43866,941,508,973
533,2025-12-05 15:25:00,2025-12-05 16:25:00,44079,126,274,867
534,2027-05-29 09:16:00,2027-05-29 11:16:00,35910,552,937,387
535,2027-11-10 08:00:00,2027-11-10 10:00:00,9205,993,392,701
536,2028-07-26 12:47:00,2028-07-26 16:47:00,24555,626,974,895
537,2027-07-17 09:43:00,2027-07-17 13:43:00,44607,204,709,722
538,2025-10-02 07:14:00,2025-10-02 08:14:00,16350,405,347,522
539,2025-02-01 11:07:00,2025-02-01 12:07:00,15248,911,201,605
540,2028-08-26 08:26:00,2028-08-26 11:26:00,34360,86,35,468
541,2025-07-20 18:29:00,2025-07-20 19:29:00,25625,4,830,315
542,2026-06-20 12:40:00,2026-06-20 16:40:00,41063,348,628,486
543,2025-06-21 08:21:00,2025-06-21 10:21:00,3419,901,128,514
544,2027-07-22 14:28:00,2027-07-22 15:28:00,63993,643,585,161
545,2028-07-17 14:53:00,2028-07-17 15:53:00,5619,462,94,733
546,2028-10-05 11:32:00,2028-10-05 15:32:00,24375,572,701,52
547,2027-03-22 04:02:00,2027-03-22 08:02:00,19763,90,306,931
548,2028-04-06 00:12:00,2028-04-06 01:12:00,43594,874,909,319
549,2026-12-17 12:40:00,2026-12-17 16:40:00,38043,259,451,689
550,2025-05-27 16:28:00,2025-05-27 20:28:00,41252,779,625,806
551,2028-09-16 16:13:00,2028-09-16 19:13:00,55883,935,253,529
552,2026-06-01 10:02:00,2026-06-01 12:02:00,1572,863,931,717
553,2025-11-26 15:56:00,2025-11-26 17:56:00,46737,968,29,189
554,2028-04-07 09:21:00,2028-04-07 11:21:00,21467,980,389,846
555,2026-10-14 10:49:00,2026-10-14 12:49:00,30939,558,954,114
556,2025-02-24 13:15:00,2025-02-24 15:15:00,6946,919,872,536
557,2028-07-19 13:10:00,2028-07-19 17:10:00,65995,721,668,451
558,2025-02-09 18:14:00,2025-02-09 22:14:00,23851,507,553,707
559,2024-12-27 06:38:00,2024-12-27 10:38:00,2489,208,271,368
560,2028-09-06 20:46:00,2028-09-06 22:46:00,50743,439,838,89
561,2027-12-28 03:33:00,2027-12-28 05:33:00,31644,239,723,104
562,2027-10-08 12:51:00,2027-10-08 14:51:00,59261,117,228,924
563,2027-04-09 15:46:00,2027-04-09 18:46:00,4202,3,106,787
564,2027-12-11 13:42:00,2027-12-11 15:42:00,7241,705,377,174
565,2026-12-21 16:38:00,2026-12-21 19:38:00,67072,376,310,618
566,2027-08-23 04:14:00,2027-08-23 06:14:00,42327,537,399,106
567,2028-11-13 10:33:00,2028-11-13 14:33:00,23970,96,288,490
568,2026-08-16 07:02:00,2026-08-16 08:02:00,29639,107,337,860
569,2025-01-09 09:30:00,2025-01-09 10:30:00,60014,104,707,144
570,2026-09-19 11:34:00,2026-09-19 12:34:00,3499,786,148,166
571,2026-03-20 08:04:00,2026-03-20 12:04:00,1543,165,897,170
572,2025-02-09 12:12:00,2025-02-09 16:12:00,47978,507,553,288
573,2028-01-01 12:08:00,2028-01-01 13:08:00,46082,806,506,605
574,2028-03-03 04:05:00,2028-03-03 05:05:00,47468,936,622,334
575,2027-10-02 04:24:00,2027-10-02 07:24:00,33398,957,648,959
576,2028-04-21 22:33:00,2028-04-22 00:33:00,52950,72,756,364
577,2027-03-12 21:30:00,2027-03-12 22:30:00,19778,887,534,289
578,2025-04-08 09:54:00,2025-04-08 13:54:00,50383,157,308,155
579,2026-01-21 07:54:00,2026-01-21 11:54:00,34338,717,659,345
580,2026-10-03 04:39:00,2026-10-03 08:39:00,57169,264,734,806
581,2027-06-23 17:10:00,2027-06-23 19:10:00,296,142,801,338
582,2026-08-29 02:48:00,2026-08-29 06:48:00,64716,304,900,131
583,2025-06-03 02:17:00,2025-06-03 05:17:00,330,641,355,148
584,2026-05-06 14:35:00,2026-05-06 15:35:00,49199,770,111,31
585,2025-12-07 07:55:00,2025-12-07 09:55:00,66476,143,601,195
586,2026-08-16 20:24:00,2026-08-16 23:24:00,52654,107,337,946
587,2028-11-11 05:20:00,2028-11-11 08:20:00,48299,392,879,464
588,2025-11-10 20:20:00,2025-11-10 21:20:00,56949,445,804,551
589,2026-06-30 09:07:00,2026-06-30 12:07:00,9884,677,653,621
590,2027-01-19 04:39:00,2027-01-19 07:39:00,9470,785,205,52
591,2027-12-11 11:05:00,2027-12-11 12:05:00,59861,705,377,710
592,2026-02-21 16:59:00,2026-02-21 18:59:00,24104,747,436,440
593,2028-07-17 04:25:00,2028-07-17 05:25:00,51360,462,334,557
594,2027-07-08 15:42:00,2027-07-08 16:42:00,33272,724,193,671
595,2028-04-08 06:25:00,2028-04-08 10:25:00,20061,894,943,497
596,2025-07-11 06:25:00,2025-07-11 08:25:00,62263,898,208,174
597,2027-09-15 05:00:00,2027-09-15 09:00:00,17106,723,358,295
598,2028-09-07 22:58:00,2028-09-08 01:58:00,60088,538,699,274
599,2025-11-19 13:39:00,2025-11-19 16:39:00,69301,129,222,525
600,2027-03-30 19:04:00,2027-03-30 22:04:00,47891,500,487,171
601,2028-04-25 05:02:00,2028-04-25 09:02:00,11757,975,882,695
602,2028-03-25 09:28:00,2028-03-25 11:28:00,58080,930,292,849
603,2025-01-29 02:32:00,2025-01-29 05:32:00,65127,47,688,804
604,2027-01-04 18:22:00,2027-01-04 19:22:00,19173,93,713,871
605,2025-02-24 12:04:00,2025-02-24 14:04:00,4456,879,233,518
606,2028-03-18 16:05:00,2028-03-18 18:05:00,59888,858,179,770
607,2026-04-13 14:42:00,2026-04-13 17:42:00,2133,554,904,53
608,2025-02-15 00:50:00,2025-02-15 03:50:00,24497,906,226,488
609,2025-07-22 16:31:00,2025-07-22 18:31:00,66350,4,830,934
610,2028-10-13 11:29:00,2028-10-13 13:29:00,34127,467,103,743
611,2026-08-28 08:58:00,2026-08-28 10:58:00,53901,304,697,500
612,2026-04-22 08:44:00,2026-04-22 09:44:00,33723,499,366,525
613,2028-08-16 06:38:00,2028-08-16 08:38:00,20855,674,720,654
614,2028-01-30 17:36:00,2028-01-30 19:36:00,48557,320,994,749
615,2025-10-27 18:18:00,2025-10-27 20:18:00,15126,899,685,13
616,2025-12-15 20:47:00,2025-12-15 21:47:00,65862,202,133,644
617,2028-04-07 18:19:00,2028-04-07 22:19:00,11533,894,943,869
618,2028-03-19 15:10:00,2028-03-19 18:10:00,23281,127,380,66
619,2026-10-06 20:33:00,2026-10-06 22:33:00,13061,236,81,65
620,2027-02-25 12:15:00,2027-02-25 14:15:00,5477,25,130,260
621,2025-05-14 15:56:00,2025-05-14 18:56:00,27696,163,999,287
622,2025-10-09 04:28:00,2025-10-09 08:28:00,36238,749,754,754
623,2026-12-14 18:30:00,2026-12-14 22:30:00,8304,282,300,525
624,2027-12-21 10:28:00,2027-12-21 14:28:00,45893,992,483,812
625,2024-12-14 05:32:00,2024-12-14 09:32:00,63015,140,921,938
626,2026-05-08 16:34:00,2026-05-08 20:34:00,43476,244,126,198
627,2028-04-23 10:57:00,2028-04-23 12:57:00,757,214,444,803
628,2027-12-11 14:04:00,2027-12-11 17:04:00,4432,956,606,353
629,2028-04-08 00:40:00,2028-04-08 04:40:00,19036,668,643,486
630,2026-01-11 21:50:00,2026-01-11 23:50:00,19020,751,758,217
631,2027-10-09 22:54:00,2027-10-09 23:54:00,53952,933,447,991
632,2026-10-07 17:52:00,2026-10-07 19:52:00,29483,279,846,110
633,2026-06-26 01:42:00,2026-06-26 05:42:00,1919,575,256,874
634,2027-03-23 06:41:00,2027-03-23 07:41:00,44490,468,704,834
635,2027-06-13 23:25:00,2027-06-14 01:25:00,14264,188,544,590
636,2026-11-07 04:11:00,2026-11-07 08:11:00,31555,19,726,320
637,2026-09-17 19:39:00,2026-09-17 22:39:00,6866,145,345,679
638,2027-05-09 00:28:00,2027-05-09 01:28:00,50001,159,140,126
639,2028-02-29 22:23:00,2028-03-01 02:23:00,68137,936,549,391
640,2026-05-03 05:19:00,2026-05-03 07:19:00,65624,82,744,72
641,2027-08-13 06:35:00,2027-08-13 09:35:00,46356,598,927,13
642,2027-05-09 00:55:00,2027-05-09 01:55:00,50134,159,614,951
643,2025-02-08 01:34:00,2025-02-08 05:34:00,56060,507,384,476
644,2027-07-13 19:56:00,2027-07-13 20:56:00,61020,223,429,97
645,2028-01-26 05:59:00,2028-01-26 08:59:00,49957,518,571,401
646,2026-07-06 06:09:00,2026-07-06 07:09:00,63041,689,177,171
647,2027-05-10 12:42:00,2027-05-10 14:42:00,41526,220,923,402
648,2026-07-10 04:51:00,2026-07-10 05:51:00,48184,623,968,249
649,2026-02-23 12:25:00,2026-02-23 16:25:00,54920,747,436,704
650,2028-10-01 19:17:00,2028-10-01 23:17:00,44822,813,204,343
651,2025-11-26 06:38:00,2025-11-26 08:38:00,60766,968,236,883
652,2025-12-04 20:03:00,2025-12-04 22:03:00,24729,365,272,408
653,2027-12-13 11:36:00,2027-12-13 14:36:00,3695,561,651,310
654,2025-07-20 17:35:00,2025-07-20 18:35:00,66818,109,700,64
655,2025-06-22 13:25:00,2025-06-22 17:25:00,65099,313,716,609
656,2025-09-03 07:14:00,2025-09-03 10:14:00,8639,585,868,114
657,2026-11-13 19:44:00,2026-11-13 20:44:00,35454,295,612,535
658,2028-04-06 11:13:00,2028-04-06 15:13:00,62277,55,120,973
659,2025-03-15 05:29:00,2025-03-15 07:29:00,26647,146,663,647
660,2025-03-01 16:31:00,2025-03-01 18:31:00,47175,263,65,170
661,2026-06-26 14:02:00,2026-06-26 17:02:00,18403,575,407,900
662,2025-05-15 05:21:00,2025-05-15 09:21:00,43798,163,27,460
663,2027-08-01 15:08:00,2027-08-01 19:08:00,20494,715,250,702
664,2025-07-14 10:54:00,2025-07-14 13:54:00,61538,108,4,208
665,2026-11-06 10:16:00,2026-11-06 13:16:00,40419,341,374,949
666,2027-01-18 10:21:00,2027-01-18 14:21:00,62192,226,202,603
667,2026-10-11 08:43:00,2026-10-11 12:43:00,43525,966,109,664
668,2028-08-23 04:17:00,2028-08-23 05:17:00,53358,161,996,266
669,2027-07-15 14:02:00,2027-07-15 18:02:00,67762,336,778,981
670,2025-05-08 21:23:00,2025-05-09 01:23:00,36170,213,920,246
671,2027-10-10 12:43:00,2027-10-10 14:43:00,20155,933,635,473
672,2027-07-21 14:37:00,2027-07-21 18:37:00,37840,204,649,760
673,2028-02-07 20:05:00,2028-02-07 23:05:00,10286,866,572,469
674,2028-02-17 15:20:00,2028-02-17 17:20:00,30721,303,669,475
675,2025-08-01 10:49:00,2025-08-01 14:49:00,60914,106,34,963
676,2026-12-30 23:15:00,2026-12-31 01:15:00,55376,853,144,328
677,2026-05-06 14:31:00,2026-05-06 18:31:00,67827,770,947,375
678,2028-04-05 13:57:00,2028-04-05 14:57:00,2215,324,266,340
679,2026-11-29 08:46:00,2026-11-29 12:46:00,61581,178,977,666
680,2025-11-22 07:36:00,2025-11-22 11:36:00,5582,125,607,355
681,2027-03-26 00:18:00,2027-03-26 03:18:00,42847,468,704,876
682,2028-02-10 14:12:00,2028-02-10 15:12:00,17054,287,51,718
683,2027-01-28 16:43:00,2027-01-28 17:43:00,39313,759,264,213
684,2025-07-11 03:51:00,2025-07-11 07:51:00,51728,268,541,122
685,2026-06-21 21:54:00,2026-06-22 00:54:00,47132,91,40,800
686,2028-09-22 16:35:00,2028-09-22 19:35:00,5533,630,815,969
687,2025-07-24 23:46:00,2025-07-25 01:46:00,18793,553,356,506
688,2026-04-12 19:38:00,2026-04-12 23:38:00,69786,526,174,423
689,2026-03-10 10:33:00,2026-03-10 12:33:00,64168,513,891,637
690,2028-02-07 00:43:00,2028-02-07 04:43:00,39537,768,110,465
691,2025-04-26 17:32:00,2025-04-26 21:32:00,12144,693,957,534
692,2025-09-03 19:39:00,2025-09-03 22:39:00,53854,371,278,375
693,2025-02-24 05:33:00,2025-02-24 08:33:00,34185,879,233,342
694,2027-03-29 15:06:00,2027-03-29 18:06:00,32922,94,855,770
695,2026-11-06 05:20:00,2026-11-06 06:20:00,52917,341,60,739
696,2025-11-08 00:58:00,2025-11-08 03:58:00,38436,737,453,804
697,2027-06-09 04:07:00,2027-06-09 05:07:00,66434,959,155,924
698,2026-08-26 17:16:00,2026-08-26 20:16:00,21690,732,558,288
699,2025-04-10 14:13:00,2025-04-10 17:13:00,64536,276,522,156
700,2028-12-12 04:58:00,2028-12-12 06:58:00,29925,736,210,440
701,2028-03-21 00:28:00,2028-03-21 04:28:00,34910,591,812,560
702,2027-06-12 16:49:00,2027-06-12 19:49:00,36038,172,474,177
703,2027-05-28 02:14:00,2027-05-28 05:14:00,34876,872,365,276
704,2027-07-31 18:40:00,2027-07-31 20:40:00,35146,763,962,72
705,2028-07-01 13:51:00,2028-07-01 17:51:00,60864,534,595,772
706,2026-07-12 01:46:00,2026-07-12 05:46:00,55362,595,589,145
707,2028-04-05 09:24:00,2028-04-05 13:24:00,20158,472,809,744
708,2025-07-21 20:39:00,2025-07-21 23:39:00,19250,108,220,58
709,2026-09-18 10:20:00,2026-09-18 11:20:00,11308,786,86,471
710,2025-07-19 03:41:00,2025-07-19 07:41:00,18089,109,397,634
711,2026-04-15 22:07:00,2026-04-16 02:07:00,694,300,299,443
712,2027-10-06 21:46:00,2027-10-07 00:46:00,16795,957,898,271
713,2028-06-11 07:57:00,2028-06-11 09:57:00,58667,425,540,796
714,2025-11-12 19:34:00,2025-11-12 20:34:00,65991,228,615,685
715,2026-02-03 19:08:00,2026-02-03 21:08:00,64975,414,827,205
716,2025-03-16 23:53:00,2025-03-17 00:53:00,43896,446,211,45
717,2026-11-04 18:48:00,2026-11-04 19:48:00,11676,458,691,636
718,2026-12-15 10:37:00,2026-12-15 11:37:00,49829,282,21,409
719,2025-12-15 08:48:00,2025-12-15 09:48:00,52045,202,133,870
720,2026-04-26 03:41:00,2026-04-26 06:41:00,32541,891,684,673
721,2026-09-19 15:04:00,2026-09-19 16:04:00,69514,786,86,580
722,2025-12-13 06:20:00,2025-12-13 08:20:00,68553,800,438,489
723,2027-11-05 22:40:00,2027-11-06 02:40:00,442,235,964,19
724,2027-09-20 18:48:00,2027-09-20 20:48:00,7640,520,692,657
725,2028-10-05 19:21:00,2028-10-05 20:21:00,21774,271,73,8
726,2027-04-05 19:52:00,2027-04-05 21:52:00,18036,460,273,962
727,2028-11-22 08:15:00,2028-11-22 11:15:00,14057,565,198,680
728,2027-03-02 01:30:00,2027-03-02 04:30:00,28999,816,842,296
729,2028-10-12 14:38:00,2028-10-12 17:38:00,34747,662,72,942
730,2026-07-28 02:10:00,2026-07-28 03:10:00,51701,50,186,841
731,2027-04-09 10:03:00,2027-04-09 14:03:00,47680,84,545,99
732,2028-12-19 06:57:00,2028-12-19 07:57:00,9816,111,269,288
733,2026-12-12 00:44:00,2026-12-12 04:44:00,62228,521,353,329
734,2027-09-27 10:53:00,2027-09-27 13:53:00,2265,571,930,15
735,2024-12-26 19:47:00,2024-12-26 21:47:00,18086,208,219,484
736,2027-12-20 22:51:00,2027-12-21 00:51:00,40838,257,406,439
737,2025-10-23 19:03:00,2025-10-23 20:03:00,60056,453,816,828
738,2025-07-18 08:06:00,2025-07-18 10:06:00,3945,109,397,231
739,2027-09-09 02:39:00,2027-09-09 04:39:00,52286,277,918,995
740,2025-02-14 11:18:00,2025-02-14 14:18:00,37131,340,850,762
741,2028-12-15 08:37:00,2028-12-15 10:37:00,49149,105,863,406
742,2028-10-25 17:12:00,2028-10-25 21:12:00,29993,207,867,400
743,2025-11-17 23:17:00,2025-11-18 01:17:00,34336,752,113,535
744,2025-02-27 04:08:00,2025-02-27 08:08:00,33363,100,246,39
745,2026-09-26 19:44:00,2026-09-26 22:44:00,46257,1,378,743
746,2028-08-13 21:25:00,2028-08-13 22:25:00,37523,674,720,655
747,2026-03-19 11:49:00,2026-03-19 15:49:00,30217,165,897,694
748,2026-06-03 06:16:00,2026-06-03 10:16:00,32900,863,19,831
749,2027-08-24 18:40:00,2027-08-24 21:40:00,37229,537,399,444
750,2026-07-27 20:07:00,2026-07-28 00:07:00,7563,50,186,459
751,2026-03-24 06:00:00,2026-03-24 07:00:00,33864,398,510,470
752,2028-02-06 05:12:00,2028-02-06 08:12:00,64929,287,51,599
753,2028-03-18 19:53:00,2028-03-18 23:53:00,13584,858,179,575
754,2026-10-04 08:31:00,2026-10-04 11:31:00,59837,926,563,185
755,2028-02-24 03:03:00,2028-02-24 05:03:00,25199,729,63,707
756,2025-02-28 23:50:00,2025-03-01 03:50:00,16345,100,967,404
757,2027-10-07 09:40:00,2027-10-07 10:40:00,49372,957,898,27
758,2028-09-28 05:36:00,2028-09-28 06:36:00,8291,947,864,448
759,2028-07-17 10:51:00,2028-07-17 11:51:00,16092,352,187,163
760,2025-09-16 01:04:00,2025-09-16 03:04:00,24506,52,888,291
761,2028-04-06 06:27:00,2028-04-06 10:27:00,56648,980,582,701
762,2025-03-18 13:03:00,2025-03-18 14:03:00,11931,167,116,962
763,2025-10-19 08:26:00,2025-10-19 09:26:00,65496,250,547,145
764,2028-07-16 00:34:00,2028-07-16 04:34:00,24274,352,654,634
765,2025-05-24 11:18:00,2025-05-24 13:18:00,54571,727,718,10
766,2026-02-25 02:37:00,2026-02-25 06:37:00,44975,415,617,948
767,2028-06-03 03:41:00,2028-06-03 05:41:00,45194,387,254,88
768,2028-11-22 17:06:00,2028-11-22 21:06:00,21410,364,773,275
769,2025-04-08 03:36:00,2025-04-08 07:36:00,63253,540,105,123
770,2025-03-03 07:56:00,2025-03-03 08:56:00,35760,100,682,358
771,2027-10-06 19:02:00,2027-10-06 21:02:00,21913,117,228,838
772,2025-02-14 10:03:00,2025-02-14 12:03:00,33242,906,226,707
773,2028-03-25 20:22:00,2028-03-25 22:22:00,1361,326,543,378
774,2025-07-03 21:36:00,2025-07-03 23:36:00,25163,837,410,875
775,2027-03-12 15:49:00,2027-03-12 18:49:00,23134,399,650,608
776,2028-07-18 08:54:00,2028-07-18 11:54:00,41073,462,94,970
777,2027-11-02 16:04:00,2027-11-02 17:04:00,53695,333,159,929
778,2028-10-06 04:15:00,2028-10-06 06:15:00,36752,572,858,982
779,2028-04-08 12:41:00,2028-04-08 15:41:00,26821,668,643,996
780,2026-04-28 18:02:00,2026-04-28 21:02:00,35359,246,908,786
781,2026-09-29 11:32:00,2026-09-29 15:32:00,33596,1,378,938
782,2028-12-01 01:45:00,2028-12-01 04:45:00,20384,545,538,545
783,2027-04-13 10:28:00,2027-04-13 14:28:00,4231,39,694,663
784,2026-12-13 09:17:00,2026-12-13 12:17:00,60520,521,353,401
785,2028-05-31 15:09:00,2028-05-31 16:09:00,18440,74,895,969
786,2026-04-27 12:46:00,2026-04-27 16:46:00,47410,891,884,282
787,2028-11-18 17:56:00,2028-11-18 19:56:00,27260,9,865,43
788,2026-10-26 12:13:00,2026-10-26 13:13:00,39879,578,344,97
789,2026-01-18 09:21:00,2026-01-18 13:21:00,51152,318,243,836
790,2028-08-15 20:01:00,2028-08-15 21:01:00,1739,291,708,475
791,2028-10-15 09:58:00,2028-10-15 10:58:00,10430,584,445,401
792,2027-05-08 04:30:00,2027-05-08 05:30:00,69416,159,461,225
793,2027-01-17 20:17:00,2027-01-17 21:17:00,21935,860,418,877
794,2027-11-28 16:09:00,2027-11-28 19:09:00,22355,722,844,576
795,2027-03-10 03:04:00,2027-03-10 06:04:00,51363,528,214,325
796,2026-09-11 19:57:00,2026-09-11 22:57:00,14213,928,242,20
797,2028-10-23 21:01:00,2028-10-23 22:01:00,14365,931,598,282
798,2026-05-19 17:07:00,2026-05-19 21:07:00,58196,417,258,582
799,2026-03-14 17:24:00,2026-03-14 18:24:00,32889,972,765,887
800,2026-11-25 19:05:00,2026-11-25 23:05:00,58846,808,531,934
801,2027-11-30 00:16:00,2027-11-30 03:16:00,64783,722,844,51
802,2028-10-23 14:19:00,2028-10-23 17:19:00,55120,253,514,39
803,2027-09-17 18:06:00,2027-09-17 22:06:00,24654,849,608,249
804,2025-03-04 21:17:00,2025-03-04 23:17:00,36542,263,65,287
805,2028-07-20 05:49:00,2028-07-20 08:49:00,56228,314,87,456
806,2025-06-03 07:40:00,2025-06-03 08:40:00,45199,884,633,906
807,2026-03-01 15:58:00,2026-03-01 18:58:00,6917,699,893,258
808,2028-11-17 18:45:00,2028-11-17 22:45:00,14521,660,722,27
809,2026-06-27 00:06:00,2026-06-27 02:06:00,20492,134,660,723
810,2026-03-04 02:23:00,2026-03-04 03:23:00,64510,581,32,214
811,2028-05-23 12:41:00,2028-05-23 16:41:00,50320,714,695,275
812,2028-11-22 06:29:00,2028-11-22 10:29:00,28973,364,773,980
813,2026-07-01 00:11:00,2026-07-01 04:11:00,64571,113,26,63
814,2026-04-18 16:54:00,2026-04-18 18:54:00,3687,843,227,699
815,2024-12-30 05:41:00,2024-12-30 07:41:00,26629,809,766,294
816,2025-04-06 08:45:00,2025-04-06 09:45:00,49316,756,656,863
817,2026-08-31 01:26:00,2026-08-31 03:26:00,45725,735,523,832
818,2025-12-27 00:17:00,2025-12-27 03:17:00,15945,249,50,481
819,2026-10-14 15:56:00,2026-10-14 19:56:00,19204,558,954,916
820,2026-09-23 04:13:00,2026-09-23 07:13:00,9277,651,528,406
821,2027-05-30 04:10:00,2027-05-30 06:10:00,60564,552,937,110
822,2027-05-03 19:05:00,2027-05-03 20:05:00,19116,828,326,285
823,2026-10-07 19:31:00,2026-10-07 21:31:00,51976,236,81,572
824,2027-05-07 05:36:00,2027-05-07 06:36:00,29171,841,520,945
825,2027-10-24 08:54:00,2027-10-24 10:54:00,13948,269,753,308
826,2026-08-30 10:41:00,2026-08-30 11:41:00,63484,469,411,993
827,2025-07-01 05:48:00,2025-07-01 06:48:00,41679,455,319,522
828,2025-03-16 03:58:00,2025-03-16 05:58:00,68186,59,802,477
829,2025-08-17 22:23:00,2025-08-18 02:23:00,63583,821,579,812
830,2025-02-18 13:35:00,2025-02-18 17:35:00,54426,340,850,128
831,2026-03-19 10:34:00,2026-03-19 14:34:00,15401,480,403,226
832,2028-07-21 10:30:00,2028-07-21 11:30:00,2238,314,449,276
833,2026-01-19 21:15:00,2026-01-20 01:15:00,47351,156,238,368
834,2028-01-27 13:57:00,2028-01-27 17:57:00,19376,396,340,104
835,2026-09-29 17:11:00,2026-09-29 20:11:00,24008,1,378,26
836,2028-01-06 16:23:00,2028-01-06 20:23:00,14137,612,350,391
837,2025-10-18 20:33:00,2025-10-18 21:33:00,44049,453,629,631
838,2028-04-22 20:59:00,2028-04-22 23:59:00,22835,72,756,430
839,2026-06-02 05:16:00,2026-06-02 07:16:00,36064,863,19,506
840,2025-04-25 01:24:00,2025-04-25 04:24:00,25922,693,433,121
841,2028-10-08 20:07:00,2028-10-08 23:07:00,45338,572,701,52
842,2026-06-28 07:12:00,2026-06-28 11:12:00,34008,994,46,227
843,2026-09-28 16:52:00,2026-09-28 19:52:00,63375,266,662,426
844,2027-07-11 13:31:00,2027-07-11 17:31:00,67847,336,611,161
845,2025-05-01 19:18:00,2025-05-01 22:18:00,37807,523,874,509
846,2026-06-02 18:30:00,2026-06-02 21:30:00,53532,386,280,758
847,2027-12-15 09:03:00,2027-12-15 10:03:00,52049,20,154,371
848,2028-02-06 04:21:00,2028-02-06 08:21:00,20126,796,587,612
849,2025-05-08 01:00:00,2025-05-08 05:00:00,62915,213,920,842
850,2027-04-14 22:12:00,2027-04-15 02:12:00,18996,409,172,68
851,2028-08-26 11:28:00,2028-08-26 14:28:00,11867,86,883,400
852,2026-03-03 18:59:00,2026-03-03 22:59:00,37371,174,507,368
853,2027-10-10 11:52:00,2027-10-10 14:52:00,5569,955,661,962
854,2027-04-10 06:42:00,2027-04-10 07:42:00,4021,3,106,979
855,2028-06-13 13:44:00,2028-06-13 14:44:00,25419,299,980,182
856,2026-04-11 05:24:00,2026-04-11 07:24:00,64348,526,112,809
857,2027-08-28 01:15:00,2027-08-28 05:15:00,19414,656,689,916
858,2026-05-30 12:22:00,2026-05-30 14:22:00,45015,863,19,21
859,2025-04-28 05:38:00,2025-04-28 08:38:00,52396,693,433,714
860,2028-08-02 11:01:00,2028-08-02 13:01:00,20547,845,807,895
861,2025-09-05 19:10:00,2025-09-05 20:10:00,49273,585,868,162
862,2026-08-15 04:06:00,2026-08-15 08:06:00,60231,107,337,669
863,2028-03-21 09:59:00,2028-03-21 10:59:00,37681,930,877,969
864,2028-06-17 05:31:00,2028-06-17 08:31:00,56769,637,6,888
865,2025-07-12 18:34:00,2025-07-12 19:34:00,57321,457,225,886
866,2028-07-18 15:15:00,2028-07-18 17:15:00,25193,719,330,34
867,2028-04-11 08:58:00,2028-04-11 11:58:00,2090,464,440,75
868,2028-04-04 11:26:00,2028-04-04 15:26:00,395,55,120,244
869,2025-10-21 16:03:00,2025-10-21 19:03:00,48597,453,666,106
870,2027-08-19 23:13:00,2027-08-20 01:13:00,56059,427,829,371
871,2028-06-30 05:54:00,2028-06-30 08:54:00,52181,534,861,311
872,2025-12-29 18:11:00,2025-12-29 20:11:00,42229,249,929,694
873,2027-03-23 10:46:00,2027-03-23 14:46:00,14042,90,158,128
874,2028-08-16 19:04:00,2028-08-16 22:04:00,16610,674,720,698
875,2027-12-02 17:56:00,2027-12-02 21:56:00,66127,296,160,592
876,2025-07-01 18:23:00,2025-07-01 21:23:00,54975,455,319,203
877,2028-03-28 07:38:00,2028-03-28 09:38:00,44797,940,658,487
878,2025-03-19 11:01:00,2025-03-19 15:01:00,29499,167,116,195
879,2025-11-09 10:32:00,2025-11-09 13:32:00,13008,737,412,911
880,2025-10-21 04:36:00,2025-10-21 05:36:00,63775,803,822,268
881,2026-01-18 00:54:00,2026-01-18 04:54:00,48565,318,15,583
882,2028-10-16 01:27:00,2028-10-16 05:27:00,10354,484,985,232
883,2026-07-12 18:11:00,2026-07-12 21:11:00,6628,595,589,948
884,2028-11-12 18:21:00,2028-11-12 19:21:00,40040,639,37,469
885,2028-05-01 22:32:00,2028-05-01 23:32:00,55295,339,524,375
886,2026-06-26 20:25:00,2026-06-26 21:25:00,69227,575,256,389
887,2028-03-17 06:36:00,2028-03-17 10:36:00,31924,858,179,269
888,2028-07-09 19:19:00,2028-07-09 20:19:00,56143,197,361,539
889,2027-04-15 02:36:00,2027-04-15 06:36:00,58965,409,172,211
890,2028-04-30 16:21:00,2028-04-30 18:21:00,21371,339,524,227
891,2025-09-23 08:27:00,2025-09-23 09:27:00,46356,680,138,266
892,2027-12-11 06:05:00,2027-12-11 10:05:00,14085,950,332,686
893,2025-08-29 15:14:00,2025-08-29 16:14:00,22991,262,134,17
894,2025-06-03 15:40:00,2025-06-03 19:40:00,27734,641,355,724
895,2026-12-24 03:51:00,2026-12-24 07:51:00,40447,376,310,964
896,2027-02-24 23:00:00,2027-02-25 00:00:00,35420,564,769,20
897,2025-09-07 14:56:00,2025-09-07 17:56:00,60599,585,454,944
898,2025-02-27 06:36:00,2025-02-27 07:36:00,51826,443,462,949
899,2026-07-04 14:16:00,2026-07-04 17:16:00,63769,608,25,842
900,2027-11-16 08:48:00,2027-11-16 12:48:00,34418,679,779,387
901,2027-01-03 17:07:00,2027-01-03 21:07:00,68028,853,144,897
902,2025-04-27 02:30:00,2025-04-27 03:30:00,55464,693,797,399
903,2025-12-04 18:41:00,2025-12-04 20:41:00,52967,143,546,888
904,2027-12-29 06:34:00,2027-12-29 10:34:00,10179,948,924,393
905,2026-06-28 04:42:00,2026-06-28 08:42:00,64340,134,494,883
906,2025-07-16 02:29:00,2025-07-16 03:29:00,32036,108,220,858
907,2026-09-15 04:32:00,2026-09-15 08:32:00,41294,823,383,844
908,2028-02-14 15:45:00,2028-02-14 19:45:00,45046,487,152,380
909,2028-08-09 02:03:00,2028-08-09 03:03:00,23647,181,505,408
910,2027-07-05 03:06:00,2027-07-05 06:06:00,3688,218,869,113
911,2025-07-02 16:29:00,2025-07-02 18:29:00,53473,917,621,767
912,2028-09-11 16:20:00,2028-09-11 20:20:00,20693,292,795,241
913,2026-09-29 12:01:00,2026-09-29 15:01:00,57920,264,734,860
914,2025-02-28 12:16:00,2025-02-28 16:16:00,20320,263,65,570
915,2028-03-15 15:46:00,2028-03-15 17:46:00,38969,127,380,896
916,2025-01-08 11:34:00,2025-01-08 15:34:00,68576,454,320,698
917,2025-06-04 17:22:00,2025-06-04 20:22:00,56351,884,633,800
918,2026-05-18 18:03:00,2026-05-18 22:03:00,68906,417,258,651
919,2026-05-16 23:20:00,2026-05-17 01:20:00,67377,17,17,491
920,2028-01-02 00:50:00,2028-01-02 04:50:00,18441,943,53,325
921,2028-03-04 05:57:00,2028-03-04 08:57:00,66245,936,263,880
922,2025-12-10 05:24:00,2025-12-10 09:24:00,39016,177,995,396
923,2026-04-26 10:14:00,2026-04-26 11:14:00,20489,891,884,82
924,2028-07-20 02:46:00,2028-07-20 06:46:00,25201,462,334,598
925,2025-09-03 05:31:00,2025-09-03 07:31:00,32303,585,9,709
926,2025-04-14 23:12:00,2025-04-15 00:12:00,14413,276,522,939
927,2028-01-28 15:05:00,2028-01-28 16:05:00,31724,395,497,439
928,2025-04-28 01:00:00,2025-04-28 04:00:00,5256,601,876,703
929,2025-06-14 10:26:00,2025-06-14 12:26:00,13769,834,75,240
930,2026-11-06 09:03:00,2026-11-06 12:03:00,43335,19,971,615
931,2025-07-22 01:17:00,2025-07-22 05:17:00,37622,553,260,891
932,2026-06-26 01:50:00,2026-06-26 02:50:00,52561,575,407,53
933,2028-03-28 20:37:00,2028-03-28 22:37:00,16409,940,390,870
934,2027-01-30 12:07:00,2027-01-30 14:07:00,58918,759,564,864
935,2025-01-09 21:04:00,2025-01-09 23:04:00,5888,454,948,635
936,2026-11-09 12:43:00,2026-11-09 14:43:00,34147,883,207,640
937,2028-12-13 13:36:00,2028-12-13 14:36:00,30277,871,926,577
938,2027-04-10 23:51:00,2027-04-11 03:51:00,20882,793,944,239
939,2025-06-14 06:18:00,2025-06-14 08:18:00,62105,834,749,514
940,2028-07-08 18:36:00,2028-07-08 20:36:00,30857,197,361,486
941,2028-01-03 15:42:00,2028-01-03 18:42:00,38555,806,506,811
942,2027-08-16 15:25:00,2027-08-16 18:25:00,10428,977,398,883
943,2025-12-11 12:37:00,2025-12-11 14:37:00,587,800,630,12
944,2027-06-28 19:06:00,2027-06-28 20:06:00,29512,272,856,840
945,2028-03-09 02:44:00,2028-03-09 05:44:00,12130,764,416,379
946,2027-11-25 21:32:00,2027-11-25 22:32:00,1103,722,844,715
947,2027-08-12 12:42:00,2027-08-12 14:42:00,7062,977,398,430
948,2026-09-24 09:00:00,2026-09-24 12:00:00,46472,1,378,134
949,2024-12-19 18:24:00,2024-12-19 20:24:00,49724,573,892,42
950,2028-07-04 09:43:00,2028-07-04 10:43:00,3613,534,537,940
951,2027-12-11 02:18:00,2027-12-11 04:18:00,41049,996,690,107
952,2027-03-11 08:53:00,2027-03-11 12:53:00,53253,937,171,136
953,2025-06-12 05:15:00,2025-06-12 07:15:00,13613,422,890,699
954,2028-03-23 20:52:00,2028-03-23 21:52:00,25883,591,901,313
955,2028-12-19 01:28:00,2028-12-19 04:28:00,48413,873,480,246
956,2028-01-31 12:35:00,2028-01-31 16:35:00,34819,320,786,730
957,2026-04-14 04:52:00,2026-04-14 05:52:00,18829,658,530,358
958,2028-06-11 17:34:00,2028-06-11 21:34:00,16179,637,782,95
959,2027-05-09 06:09:00,2027-05-09 08:09:00,30341,220,58,602
960,2027-08-31 01:19:00,2027-08-31 03:19:00,6003,671,703,463
961,2028-09-25 18:12:00,2028-09-25 20:12:00,19257,947,864,951
962,2026-11-21 05:02:00,2026-11-21 06:02:00,44771,903,808,762
963,2028-09-01 15:44:00,2028-09-01 18:44:00,57046,702,761,381
964,2028-12-10 04:55:00,2028-12-10 08:55:00,16572,736,210,442
965,2026-05-26 04:01:00,2026-05-26 07:01:00,3235,114,504,942
966,2025-07-02 23:32:00,2025-07-03 01:32:00,56972,837,410,922
967,2025-11-26 02:42:00,2025-11-26 05:42:00,27875,827,240,261
968,2028-01-07 02:06:00,2028-01-07 05:06:00,6724,550,966,540
969,2026-06-24 11:19:00,2026-06-24 14:19:00,41017,964,338,204
970,2027-07-22 08:39:00,2027-07-22 12:39:00,16546,698,427,750
971,2025-03-03 14:40:00,2025-03-03 17:40:00,42735,350,369,316
972,2027-08-17 19:36:00,2027-08-17 20:36:00,57097,977,398,214
973,2027-04-06 08:41:00,2027-04-06 12:41:00,12219,498,638,187
974,2027-06-13 02:24:00,2027-06-13 05:24:00,45083,172,276,936
975,2026-05-19 04:27:00,2026-05-19 07:27:00,35969,417,258,774
976,2026-03-26 20:33:00,2026-03-26 22:33:00,46691,118,620,483
977,2027-12-17 02:31:00,2027-12-17 04:31:00,35244,629,18,416
978,2028-10-01 19:04:00,2028-10-01 20:04:00,52428,342,841,666
979,2025-02-26 01:13:00,2025-02-26 03:13:00,8889,879,233,755
980,2026-02-12 20:34:00,2026-02-12 22:34:00,51522,46,500,302
981,2026-07-08 11:09:00,2026-07-08 12:09:00,44474,623,889,11
982,2025-11-12 14:40:00,2025-11-12 16:40:00,45962,228,467,476
983,2025-11-24 14:57:00,2025-11-24 18:57:00,20271,968,645,574
984,2028-11-14 14:18:00,2028-11-14 15:18:00,10672,905,739,396
985,2027-06-11 16:57:00,2027-06-11 18:57:00,35411,188,544,822
986,2026-07-01 23:38:00,2026-07-02 03:38:00,34692,994,550,185
987,2026-01-13 04:26:00,2026-01-13 05:26:00,3592,199,609,136
988,2026-09-21 13:14:00,2026-09-21 14:14:00,53025,360,560,436
989,2026-06-25 06:22:00,2026-06-25 10:22:00,63176,348,628,812
990,2028-10-02 14:15:00,2028-10-02 18:15:00,5905,271,676,363
991,2027-12-17 02:59:00,2027-12-17 05:59:00,66952,20,154,650
992,2025-12-05 12:29:00,2025-12-05 13:29:00,48741,143,601,826
993,2027-10-22 13:23:00,2027-10-22 14:23:00,62472,374,463,711
994,2027-09-13 14:40:00,2027-09-13 18:40:00,2839,849,608,574
995,2027-04-02 12:01:00,2027-04-02 14:01:00,26912,110,93,967
996,2027-12-03 00:13:00,2027-12-03 02:13:00,69505,296,413,210
997,2026-07-12 15:50:00,2026-07-12 18:50:00,9715,623,889,349
998,2027-12-31 17:49:00,2027-12-31 19:49:00,68013,934,488,238
999,2024-12-25 10:12:00,2024-12-25 14:12:00,57121,208,271,286
1000,2028-07-09 12:30:00,2028-07-09 15:30:00,7998,43,268,159
