StaffId,StaffJobId,FestivalId,Name,Surname,DateOfBirth,ContactPhone,IsCertified
1,2,625,Germain,Kop,1995-10-11,258-986-5004,true
2,1,983,Nye,Rawlence,1942-09-26,772-406-4493,true
3,3,421,Jess,McVitty,1986-05-02,222-511-9155,true
4,1,584,Lanna,McAughtrie,1929-08-25,436-298-6635,false
5,4,750,Tani,Rottger,1907-10-22,520-106-2774,true
6,3,946,Ario,Beesey,2002-05-10,748-376-1724,true
7,1,446,Oren,Clemow,1938-11-19,634-115-7277,true
8,2,596,Inez,Muschette,1980-04-27,705-331-5414,true
9,3,206,Cosetta,Zmitrichenko,1932-06-15,581-821-5676,true
10,3,842,Ferdinanda,Berkowitz,1945-09-25,900-227-7822,false
11,4,833,Sigvard,Jerisch,1992-11-17,273-824-5983,true
12,2,974,Robert,Golsworthy,2000-02-03,869-114-8752,true
13,4,242,Jonell,Barrs,1928-09-29,951-568-6452,false
14,3,576,Efrem,Simonutti,1917-05-07,816-672-7742,false
15,1,563,Ricki,Warrack,1944-10-04,922-622-1013,false
16,4,674,Nikolaos,Crole,1903-11-01,654-568-3495,false
17,4,561,Jeanelle,Reston,1968-05-23,233-278-8897,false
18,4,530,Sherlocke,Mulchrone,1990-04-04,893-653-6703,true
19,2,849,Prentice,Thuillier,1913-01-18,132-135-5611,true
20,4,58,Timothee,Gerlack,1980-11-15,736-947-8141,false
21,4,771,Silvie,Annakin,1912-05-05,101-873-3786,false
22,1,671,Mirella,Millis,1976-07-06,548-495-2306,true
23,2,211,Dunn,Rex,1974-08-13,641-405-4398,true
24,2,941,Enrico,Keasley,1975-02-05,706-542-2280,true
25,1,581,Clair,Eicheler,1929-03-25,957-131-9238,false
26,2,763,Teressa,Van der Kruijs,1999-09-02,952-343-5229,true
27,1,814,Rosabella,Kubacek,1923-02-05,246-674-8975,true
28,1,849,Marysa,Golby,1968-06-13,298-927-3020,false
29,2,326,Mayer,Boorne,1984-03-23,384-772-0860,false
30,4,575,Flory,Armour,1922-06-11,744-182-8666,false
31,2,186,Bennie,Lowdyane,1966-01-26,357-767-5638,false
32,2,311,Kirstin,Rowdell,1989-02-17,820-797-2552,true
33,4,617,Bjorn,MacBean,1994-04-03,487-555-4221,true
34,3,842,Keri,Powdrell,1909-04-15,943-473-5680,false
35,1,729,Duffy,Shovelin,1960-06-13,395-428-6891,false
36,4,596,Rem,Onn,1948-08-11,368-937-0330,true
37,3,553,Emiline,Nicholls,1933-02-25,624-254-2305,false
38,3,988,Emilia,Smithen,1930-05-01,484-375-0530,true
39,4,16,Anatola,Halkyard,1906-12-16,167-738-9353,true
40,3,116,Colin,McComish,1979-02-07,491-727-7059,false
41,4,51,Lindsay,Joul,1978-04-24,321-162-7877,false
42,2,141,Alysa,Ferriere,1935-10-07,796-267-3618,true
43,2,613,Aylmer,Maplethorpe,1929-09-04,323-740-9463,true
44,3,881,Dom,Radbone,1995-03-17,961-952-9465,true
45,2,534,Siusan,Coners,1916-01-13,824-324-1355,false
46,3,649,Tabbi,Butterley,1980-12-26,331-867-8012,true
47,4,664,Merna,Fortin,1959-01-11,477-992-4900,true
48,4,898,Kurt,Yarrall,1964-01-04,796-844-7226,false
49,3,684,Ringo,Teall,1979-01-21,276-343-1876,true
50,2,439,Rebeca,Vashchenko,2002-03-22,677-191-3881,true
51,4,528,Cynthie,Bucknell,1964-08-26,559-524-0372,false
52,2,656,Mic,Tointon,1991-11-16,582-721-4192,true
53,4,13,Rafaello,Winpenny,1977-02-23,870-112-9860,true
54,2,186,Muhammad,Iacovino,1958-12-19,838-768-0310,true
55,3,926,Cordy,Ivanchenkov,1966-09-05,789-151-3300,false
56,4,877,Ian,Heustice,1986-07-31,773-937-2448,false
57,4,803,Ayn,Scammell,1973-07-26,951-536-7359,false
58,2,542,Kimbell,Ubsdell,1925-02-13,256-258-9446,true
59,1,786,Helsa,Tomik,1962-01-07,566-659-8024,true
60,1,233,Talia,Epperson,1966-08-27,547-302-7813,true
61,2,405,Laney,Heal,1945-03-21,395-616-4078,true
62,2,329,Ulrike,Osburn,1967-03-27,560-171-9388,true
63,2,921,Cooper,Gratland,1909-10-18,310-327-8786,false
64,2,648,Keefer,MacAndrew,2000-03-19,623-246-8695,true
65,1,320,Florri,Kirkebye,1942-09-07,102-941-7560,false
66,1,292,Zebulen,Eyrl,1979-08-06,874-162-3178,false
67,4,666,Eleonora,O'Calleran,1925-09-09,293-118-8843,true
68,1,406,Dannye,Elcoat,1993-03-11,302-790-4880,true
69,2,427,Arlin,Chaters,1954-10-11,726-870-0395,false
70,4,140,Micah,Laming,1985-11-01,387-803-4015,true
71,3,980,Guglielma,Dwelley,1942-05-25,401-240-9924,true
72,4,640,Edouard,Prandoni,1963-05-24,563-616-6644,false
73,1,156,Andrej,Sparkwill,1965-05-03,338-313-2121,true
74,3,763,Kenny,Tregido,2001-05-03,482-500-4453,false
75,2,951,Colly,Varey,1994-12-02,472-107-7666,false
76,1,156,Rickard,Killshaw,1934-02-03,121-817-5835,false
77,2,357,Durward,Longmire,1955-09-08,459-614-0471,false
78,3,446,Franny,Lambertz,1986-12-02,742-192-0366,true
79,1,922,Matthias,Dikle,1959-05-02,229-576-0467,false
80,2,416,Shepard,Sommersett,1917-11-05,484-214-5835,false
81,1,39,Starlin,Finnemore,1994-10-25,161-531-0183,false
82,3,71,Batsheva,Roth,1992-01-11,613-927-7011,true
83,2,534,Emile,Mawditt,1929-07-24,359-814-1293,true
84,4,829,Buiron,Bielfeld,1972-01-14,596-150-7929,false
85,2,277,Starr,Keymar,1949-10-20,104-922-5560,false
86,3,240,Shawnee,Hancill,1922-02-28,538-459-5276,false
87,2,746,Orel,Abelov,1952-09-25,369-540-3675,true
88,2,332,Darrell,Minister,1934-02-05,766-977-1799,true
89,3,235,Maribeth,Soltan,1999-03-09,110-744-4804,true
90,1,125,Dael,Barde,2001-04-08,982-125-7413,false
91,4,442,Nani,Litel,2003-12-26,855-544-6393,false
92,2,54,Robby,Moisey,1992-04-26,180-464-3303,true
93,2,429,Ber,Tilt,1981-02-02,583-199-3749,true
94,3,316,Susann,Valenta,1913-10-17,416-835-0815,false
95,1,195,Chrysa,Braddock,1979-02-10,976-568-5175,true
96,2,382,Rayner,Bech,1960-09-04,343-909-0523,false
97,3,177,Hildegarde,Paylor,1994-02-06,842-515-4979,true
98,2,365,Selle,Huby,1984-02-08,249-422-5236,true
99,4,21,Wesley,Littlewood,1940-09-02,264-521-7180,true
100,2,961,Greer,Tieman,1951-07-20,851-171-0624,true
101,2,253,Trumaine,Moulton,1977-04-16,263-369-7933,true
102,3,309,Salvador,Mintoft,1999-01-25,118-968-9912,true
103,2,818,Beaufort,Ogle,1948-03-08,665-156-2021,false
104,3,437,Lacy,Mewes,1992-06-09,471-310-3723,false
105,4,234,Jan,Chason,1945-06-14,996-435-9142,true
106,3,681,Mahmoud,Treece,1952-08-02,548-833-6570,false
107,3,737,Sharity,Jozsika,1926-05-09,290-964-3613,false
108,2,761,Betta,Ledekker,1962-05-26,634-276-4300,false
109,4,495,Hanny,Deppen,1928-11-27,706-244-8514,false
110,3,215,Jermayne,Troke,1908-09-10,285-644-5040,false
111,1,690,Teena,Ghioni,2004-06-11,330-753-4204,false
112,1,186,Avictor,Czaple,1972-10-10,227-773-2432,true
113,2,693,Elisha,Cunniam,1944-08-20,267-216-0268,true
114,1,357,Erinn,Becke,1954-11-05,444-582-4354,true
115,3,843,Dayle,Bolderson,1986-06-18,137-861-0705,true
116,1,105,Kelcy,Maggiore,1901-06-04,320-979-9664,true
117,3,513,Cully,Hardington,1946-06-28,375-734-6755,false
118,4,77,Jed,Solway,1998-07-13,399-922-1340,true
119,1,581,Max,Byron,1910-02-01,275-281-6060,true
120,4,933,Lexis,Guyon,1983-12-23,269-309-1109,false
121,3,370,Manfred,Berndsen,1996-05-25,606-550-8701,false
122,1,8,Eberto,Hirsthouse,1966-07-24,548-680-9078,false
123,4,312,Hersch,Deadman,1960-05-26,502-627-8232,false
124,1,499,Gregg,Jursch,1956-04-24,383-198-8536,true
125,1,821,Saxe,Gaw,1913-10-17,960-967-7841,true
126,2,764,Antonella,Hiland,1989-01-26,329-694-1959,true
127,3,77,Trever,Spreadbury,1915-09-05,231-382-7100,true
128,1,675,Cheri,Gadney,1906-11-27,601-326-7297,true
129,4,213,Jared,Regorz,1902-06-17,124-349-5928,true
130,3,956,Trudey,Musslewhite,1922-06-01,244-743-3518,false
131,3,378,Angel,Fortnam,1931-10-18,301-576-4343,false
132,1,561,Casey,Lansberry,1994-09-29,406-132-1223,false
133,1,759,Alf,Inglish,1922-08-09,861-849-1831,false
134,3,810,Duke,Gatheral,1952-05-08,671-362-1414,true
135,3,349,Pedro,Lansberry,1938-11-17,515-146-8864,true
136,3,755,Joelle,Thor,1919-06-01,326-633-8774,true
137,3,550,Nefen,Swallow,1919-09-30,429-129-2494,false
138,4,625,Glendon,Shickle,2003-04-16,696-736-9073,false
139,4,49,Carolyn,Saenz,1953-06-04,879-264-0096,false
140,4,498,Warde,Tilbury,1984-08-20,219-472-6580,true
141,3,664,Stormie,Troni,1927-09-27,816-784-0429,true
142,3,949,Ad,Falconer-Taylor,1997-04-19,751-995-7020,false
143,4,195,Marcelo,Vigars,1934-11-08,809-269-8833,true
144,4,254,Torrie,Dacey,1975-09-08,615-690-3143,true
145,2,192,Binny,Lademann,1950-06-29,432-407-3326,false
146,4,171,Bartlett,Pratley,1926-01-29,899-388-3378,true
147,4,401,Wilma,Strangman,1938-01-22,445-199-2398,true
148,1,782,Valeria,Willarton,1924-03-01,727-546-0165,false
149,3,515,Andy,Bucknall,1990-04-14,774-289-2365,false
150,2,986,Gerard,Thurgood,1989-04-12,908-390-0926,true
151,1,986,Sheff,Rude,1975-01-18,302-607-6710,false
152,1,385,Hillyer,Muffitt,1900-11-26,689-165-4306,false
153,2,464,Lew,Jorat,1979-05-24,549-606-0862,true
154,3,412,Breanne,Newlands,1910-07-27,603-823-0557,false
155,3,239,Keelia,Conrath,1988-11-29,905-546-8121,false
156,1,66,Kliment,Akred,1989-09-29,748-492-1899,true
157,1,293,Kearney,Foss,1950-05-14,193-164-0798,true
158,4,705,Ty,McNickle,1987-04-15,788-525-9510,true
159,1,174,Mordecai,Potteridge,1913-11-29,209-924-3249,true
160,2,815,Shani,Pinckstone,1935-01-12,590-265-7751,true
161,3,160,Rakel,Kidby,1973-06-30,898-943-0703,false
162,4,516,Justinian,Izat,1974-08-28,472-806-6383,false
163,2,356,Aldous,Rudinger,1913-11-26,703-750-6859,true
164,4,230,Bud,Doe,1940-08-03,262-559-1289,false
165,1,52,Michael,Roskilly,1925-01-24,665-940-9216,false
166,2,833,Kory,Le Pruvost,1981-10-28,998-668-6916,false
167,4,906,Fredric,Dalrymple,1979-05-23,971-718-7790,true
168,4,182,Loella,Lafford,1990-12-14,630-986-0388,false
169,4,437,Adham,LLelweln,1952-11-21,138-816-7540,false
170,2,321,Sven,Messitt,1955-10-22,666-156-5142,true
171,3,548,Yvette,Eallis,1995-03-12,898-327-3796,false
172,3,77,Jany,Berthouloume,1967-11-27,818-887-4674,true
173,2,437,Atlanta,Hullbrook,1982-10-28,213-515-6817,false
174,4,799,Lindsey,Webbe,1941-10-14,779-804-4137,false
175,1,976,Muffin,Lealle,1925-11-04,422-925-7073,true
176,4,820,Pat,Killeley,1935-05-04,193-225-8881,false
177,2,421,Deirdre,Hourigan,1927-08-06,244-485-1133,false
178,2,908,Phaedra,Clapton,1905-09-08,229-809-5177,false
179,1,67,Anderea,Orvis,2002-07-13,781-927-9251,true
180,3,212,Vinni,Batts,2001-06-03,808-134-6865,true
181,2,65,Benedicto,Bartholomaus,1989-12-28,994-934-6603,true
182,1,557,Shawn,Brownsmith,1917-03-07,803-767-9759,true
183,3,137,Corabel,Gowthorpe,1913-12-29,695-599-7221,false
184,2,845,Kristy,Jacobbe,1915-02-01,818-905-5072,false
185,1,108,Mitzi,Duffield,1914-08-21,696-225-6332,false
186,4,932,Jodie,Brehaut,1958-10-04,965-348-4639,true
187,4,3,Pepe,Dungey,1955-10-13,104-491-2732,true
188,4,470,Simeon,Reuss,1968-12-02,544-304-3456,false
189,1,451,Travers,Rubertelli,1970-07-30,967-912-2276,true
190,1,833,Bartel,Brigshaw,1947-01-31,705-725-4215,true
191,4,883,Tine,Rickardsson,1928-04-13,795-493-6926,true
192,1,304,Giffard,Jeafferson,1902-03-03,963-783-6559,false
193,1,846,Dore,Vakhrushin,1956-11-24,990-609-1724,true
194,4,846,Robenia,Odney,1978-06-14,676-165-9779,true
195,4,11,Elia,Macy,1963-05-25,221-450-7492,true
196,1,680,Hendrika,Vakhlov,1950-11-01,276-617-2328,false
197,2,626,Lucienne,Eassom,1909-03-28,719-212-5477,true
198,1,967,Herculie,McGahern,1930-09-23,721-794-2188,true
199,1,343,Kincaid,Likly,1919-05-05,895-445-4692,false
200,3,245,Dasha,Cowpe,1964-03-31,965-404-7356,false
201,3,618,Quint,Brandenberg,1946-08-03,953-960-5012,true
202,3,3,Gustavus,Zupone,1967-08-12,456-247-9572,true
203,3,275,Sonni,Mash,1990-09-30,543-506-5886,false
204,4,736,Dinnie,Pagon,1935-05-25,322-668-7272,false
205,4,253,Vonny,McCambridge,2002-01-15,900-470-6484,true
206,1,470,Lindsy,Newcom,1909-01-05,192-819-7529,true
207,4,524,Patrice,Freschi,1955-08-30,801-568-5253,true
208,2,443,Neille,Andreu,1923-12-08,433-646-4895,false
209,4,593,Dorice,Andre,1973-04-18,364-204-5362,false
210,3,13,Erina,Guerrazzi,2004-04-25,314-243-5284,false
211,3,384,Carr,Lanigan,1914-03-24,755-671-6357,true
212,4,498,Fremont,Geleman,1984-05-05,882-552-1916,false
213,2,530,Dion,Mallinar,1984-09-05,600-844-4372,false
214,3,834,Lari,Baldassi,1918-10-22,325-511-4380,true
215,1,785,Dag,Merryweather,1972-10-12,953-768-8197,false
216,4,774,Norrie,Sabate,1993-03-14,730-882-6932,true
217,3,72,Dewitt,Giacomasso,1948-10-22,164-596-4483,false
218,2,452,Alphard,Ruselin,1921-09-26,767-491-0928,false
219,1,241,Jorie,Eliasen,1925-10-23,763-707-7367,true
220,1,751,Hillel,Cubberley,1944-12-07,307-461-1109,true
221,2,909,Rebecka,Juster,1951-11-03,270-368-1973,true
222,4,314,Vassili,Luberti,1932-08-27,935-106-8726,true
223,1,472,Bab,Jossum,1948-08-04,574-490-0370,true
224,1,150,Fredi,Mc Caughen,1901-06-18,920-591-3803,true
225,4,619,Marielle,Chishull,1960-12-10,238-494-3861,true
226,1,410,Marven,Antusch,1972-12-25,982-422-4296,true
227,4,707,Tad,Steinham,1905-05-12,168-601-1970,false
228,3,457,Jonathan,Schurcke,1937-02-04,950-766-3529,false
229,4,326,Skye,Shimony,1997-04-10,789-236-9155,false
230,1,86,Nan,Tomasian,2004-11-09,699-861-9527,false
231,4,690,Brunhilda,Lerego,1985-09-02,570-146-3066,true
232,2,232,Washington,Barnewille,1942-05-03,576-439-4328,false
233,1,176,Law,Attoe,1957-06-15,763-385-2281,false
234,3,460,Fan,Blissett,1913-05-25,835-600-1782,true
235,3,532,Chicky,Mulcahy,1932-12-10,126-944-0107,false
236,1,748,Rona,Knappen,1904-04-02,750-934-9282,true
237,4,337,Marla,Siccombe,1960-03-24,233-888-6655,false
238,4,759,Shaylyn,Lideard,1989-07-09,534-350-6642,true
239,1,606,Marianne,Englefield,1998-06-24,288-858-7934,false
240,3,930,Uri,Cristofolo,1973-04-30,772-613-6219,true
241,3,47,Denna,Garaghan,1965-12-30,936-399-1655,true
242,2,517,Lane,O'Duggan,1979-11-18,938-751-9532,false
243,3,629,Vida,Hallworth,1966-04-25,418-701-6739,true
244,1,20,Giana,Petrelluzzi,1925-07-04,171-373-2468,false
245,1,623,Alyce,Langstaff,1913-02-18,580-361-3953,true
246,2,899,Nelia,Dilliston,1960-09-06,448-344-8525,false
247,2,338,Annie,Abramamovh,1954-07-02,355-872-0037,true
248,2,187,Wally,Howlings,1915-11-29,328-541-9061,false
249,2,511,Drucie,Snozzwell,1994-03-29,324-268-8208,true
250,2,953,Cornie,Folliss,1967-03-23,662-652-5241,true
251,3,802,Lyndsey,Lyokhin,1952-01-04,828-767-4301,true
252,2,810,Ivar,Chellingworth,1954-01-11,693-739-5114,true
253,4,847,Alfredo,Bolderoe,1965-04-01,732-793-5425,true
254,4,505,Honor,Majury,1993-10-01,314-648-6855,true
255,2,856,Fonzie,Danels,1914-07-01,516-931-8664,true
256,2,625,Stacee,Rock,1929-03-31,735-539-7619,false
257,1,459,Jermain,Christophers,1983-03-08,260-484-0647,true
258,4,11,Karim,Salle,1939-08-29,523-818-5629,true
259,2,680,Ryley,Kettlestring,1957-05-24,765-992-6438,false
260,4,949,Birgit,Feldbrin,1994-02-26,379-568-3017,false
261,1,351,Jessie,Everit,1922-04-24,699-505-2852,false
262,4,342,Karolina,Augustine,1984-09-18,694-767-8210,false
263,1,991,Allan,Wabersinke,1972-10-25,925-583-3016,true
264,4,800,Dilly,Bernardeau,1903-02-08,756-907-1926,false
265,3,125,Elfrieda,Crossthwaite,1943-09-01,757-831-6832,true
266,2,14,Dilan,Diamond,1975-08-24,956-296-0444,false
267,1,279,Nicolea,Girke,1992-02-28,195-498-7656,true
268,2,876,Gerrard,Peracco,1946-06-11,908-219-0021,true
269,3,140,Carver,Klammt,1913-12-12,863-374-3466,true
270,4,637,Elsy,De Witt,1961-06-18,930-846-2615,false
271,4,322,Freida,Tregidgo,1950-08-13,942-648-7147,false
272,2,300,Milty,Whapple,1950-04-30,919-385-7706,true
273,1,467,Lewie,Kolyagin,1907-05-07,840-185-9239,true
274,3,12,Beniamino,Danby,1913-10-08,632-127-2386,true
275,4,778,Tyrus,Denis,1937-03-15,414-863-3308,true
276,3,533,Rania,Stendell,2000-11-19,603-123-2279,false
277,2,354,Carl,Curds,1904-11-27,203-927-5386,true
278,4,779,Kyla,Scroggie,1923-09-17,591-817-6941,true
279,4,10,Jethro,Biesterfeld,1979-06-08,494-931-4617,false
280,3,712,Nickolaus,Tardiff,1957-04-09,118-334-2470,false
281,4,457,Konstantin,McSperrin,1939-01-07,748-390-9707,false
282,1,223,Marni,Farrent,1962-05-24,702-671-8276,true
283,3,686,Jessalyn,Hatchette,1930-05-03,898-397-4240,false
284,4,365,Nelia,Mungin,1970-02-16,274-545-4623,true
285,1,862,Glenn,Skill,1984-12-01,572-949-8536,false
286,1,185,Stormi,Goodrich,1938-04-13,574-412-9072,true
287,4,631,Emalia,Belfit,1999-03-08,870-785-9391,false
288,3,285,Thea,Matthesius,1921-05-11,856-400-3067,true
289,1,790,Lorrie,Degan,1975-04-26,362-336-5470,false
290,3,857,Simeon,Ernke,1981-02-02,453-646-4038,true
291,3,295,Wain,Lowten,1914-10-31,217-121-4616,false
292,4,638,Kirby,Foli,1954-04-06,592-402-6760,false
293,2,112,Frasco,Landells,1932-11-30,486-504-4236,true
294,4,441,Ailee,Maro,1946-01-16,838-179-8896,false
295,1,537,Blane,Platt,1950-09-07,950-443-7226,true
296,2,838,Ingemar,Swadden,1988-12-16,848-440-8488,true
297,2,157,Ginevra,Korda,1940-11-04,129-309-0908,false
298,3,586,Rodolph,Leyzell,1902-11-23,732-705-4013,true
299,4,914,Randene,Dunkerton,1959-09-05,571-438-1189,true
300,4,559,Meredith,Pimer,1996-02-08,738-569-9889,false
301,4,494,Jania,Insley,1957-03-20,894-244-7874,false
302,1,93,Sunshine,Dumphy,1952-04-16,225-841-9042,false
303,2,612,Lea,Ramlot,1910-08-19,813-107-6358,false
304,2,434,Dita,Newiss,1931-11-26,656-123-5700,true
305,4,491,Shandee,Stieger,1941-11-24,452-932-7528,false
306,1,181,Jordan,Marvel,1960-11-24,382-485-1701,true
307,2,588,Pattie,Cunnington,1902-05-26,282-211-5874,false
308,1,549,Sharon,Lukehurst,1951-08-29,846-351-2020,false
309,2,158,Gloria,Haggerstone,1937-10-05,780-690-1205,false
310,3,706,Tedmund,Francklyn,1989-03-21,646-479-4912,false
311,2,292,Oona,Chalcraft,1952-04-01,313-944-3042,false
312,2,276,Jed,Roxburch,1946-03-24,405-955-0648,true
313,2,612,Meggy,Algie,1969-09-04,793-620-2966,false
314,2,517,Mayne,Robertazzi,1930-04-03,256-184-6614,true
315,1,219,Carlie,McLelland,1910-12-12,708-556-6133,true
316,4,767,Nathanil,Jakubovsky,1905-12-03,982-924-9557,true
317,1,57,Siobhan,Santore,1979-03-17,904-477-9376,false
318,4,55,Trescha,Melland,1946-11-27,563-657-9183,true
319,3,654,Saree,Wadesworth,1995-07-29,815-220-8964,true
320,1,785,Fonsie,Choke,2004-03-06,591-789-0592,false
321,2,972,Damaris,Sommersett,1927-06-13,176-147-6048,true
322,3,473,Euell,Landy,1977-04-26,148-189-5640,true
323,4,177,Lee,Seydlitz,1905-03-08,300-686-8018,false
324,4,141,Shadow,McKevitt,1989-01-26,701-575-7672,false
325,1,58,Yuma,Klimek,1923-12-18,810-894-9554,false
326,1,596,Libbie,Posnette,1941-04-01,844-905-7166,true
327,1,39,Magdalen,Skewis,1942-12-03,708-113-4727,false
328,4,650,Sadella,Faust,1972-11-06,931-133-8661,true
329,3,240,Candi,Youel,1910-11-14,910-520-8405,true
330,4,208,Lionel,Sproson,1983-10-15,942-976-9549,false
331,2,472,Lorant,Gieraths,1911-11-13,952-696-1207,false
332,1,973,Sheree,Slowley,1916-11-06,443-888-0439,false
333,3,888,Patty,Bosenworth,1902-02-20,673-814-5342,true
334,2,796,Torey,McCrory,1969-08-18,215-150-1574,true
335,3,123,Dannie,Coldridge,1988-11-10,455-657-2814,false
336,4,352,Nikolos,Stollenbeck,1914-10-15,712-547-6169,true
337,3,106,Coralie,Haile,1908-06-17,828-452-0349,true
338,2,678,Constanta,Lemme,1906-03-27,134-758-3296,true
339,4,220,Adi,Orniz,1964-10-25,246-312-9594,false
340,2,328,Floris,Filson,1973-09-03,599-134-9764,false
341,4,191,Elsworth,Smorfit,1908-08-13,210-518-7328,true
342,4,644,Sileas,Haffner,1917-04-28,292-200-6125,false
343,1,274,Ugo,Roomes,1935-04-27,343-501-1243,true
344,1,737,Verne,Heinert,1926-01-09,368-287-0344,true
345,3,830,Dominga,Roggero,1984-03-30,401-993-2550,false
346,3,273,Elston,Barsam,1903-08-12,821-621-3704,false
347,1,602,Joela,Dobrovolny,1981-07-20,945-422-9494,false
348,4,682,Bertram,Offord,1980-04-15,786-431-5389,false
349,4,938,Gabrielle,Woodger,1964-05-20,401-354-3665,true
350,3,304,Leyla,Beautyman,1942-02-06,354-972-3628,true
351,2,92,Annamarie,Look,1940-06-04,863-876-1739,true
352,2,602,Charlena,Jeromson,1989-01-19,943-474-6516,true
353,4,682,Jeremie,Blaby,1952-03-24,871-398-2702,false
354,4,577,Seana,Airton,1986-11-14,885-982-8092,false
355,2,822,Kinnie,Jachimak,1932-09-08,497-849-6654,false
356,3,852,Nels,Sherman,1901-08-06,911-315-0980,true
357,2,143,Adrian,Ohrtmann,1957-03-08,548-504-8688,false
358,2,72,Winnie,Mollett,1918-02-22,425-535-3151,false
359,3,914,Leighton,Parbrook,1963-12-15,631-898-1077,false
360,1,748,Thornie,Virr,1966-11-17,188-554-4024,true
361,2,703,Pierette,Manion,1997-10-01,334-123-4056,true
362,1,198,Nerte,Clavering,1974-04-12,930-477-7167,true
363,3,269,Leona,McCafferky,1913-12-07,358-833-2048,true
364,1,635,Raynor,Cathee,1901-03-30,228-182-3149,true
365,3,413,Madalyn,Rignoldes,1933-04-05,379-634-5040,true
366,1,285,Keefer,Westney,1980-04-03,927-400-3890,false
367,1,527,Sigismondo,Matuszak,1975-02-01,865-884-2029,false
368,1,214,Kylie,Beccles,1954-03-06,734-119-5310,false
369,2,451,Cathryn,Pantin,1904-02-17,654-846-7061,true
370,1,491,Deena,Kock,1932-06-06,279-595-1929,true
371,2,172,Kassia,McKnockiter,1918-01-12,724-122-7788,false
372,2,302,Kiel,Cliburn,1999-01-08,434-814-2689,true
373,3,381,Estrellita,Volante,1903-12-04,560-144-1205,true
374,1,220,Brandyn,Klehyn,1912-09-12,256-734-9412,false
375,2,29,Kirby,Hessing,1965-07-17,714-617-6800,false
376,1,723,Leona,Kroll,1921-05-24,914-176-7314,false
377,4,257,Gunter,Barde,1961-03-22,834-566-6569,false
378,3,451,Morris,Clinkard,1953-04-16,982-675-7443,false
379,3,949,Claude,Note,1957-09-03,836-123-3167,true
380,4,566,Keefer,Rate,1967-01-26,908-435-0114,false
381,4,481,Iver,Menary,1988-10-09,357-754-6138,false
382,4,100,Judah,Brandino,1935-06-09,322-716-9568,true
383,3,578,Alma,Hiddsley,1941-02-23,946-900-4133,true
384,1,933,Bill,Manshaw,1912-07-24,415-946-5149,false
385,2,201,Kissiah,Tall,1993-10-01,826-734-3661,true
386,2,601,Maurice,O'Bradane,1966-11-12,449-997-8654,false
387,3,60,Norina,Greensted,1946-01-07,277-743-2934,true
388,3,625,Laurette,Ivantsov,1920-06-07,278-867-9860,true
389,4,157,Ferdy,Bour,1970-05-08,236-971-1521,false
390,4,572,Meghann,Jedrzejewsky,1939-12-26,784-336-8422,true
391,2,469,Caleb,Byas,1910-05-10,368-610-9052,false
392,4,305,Carmelia,Domeney,1925-04-22,320-490-4282,false
393,4,394,Jerad,Hulbert,1960-09-30,248-753-7432,false
394,3,824,Elnar,Braidley,1966-05-23,773-617-0959,false
395,1,374,Arlyne,Rossi,1943-12-01,195-220-0607,true
396,2,575,Roselle,Gavozzi,1902-07-25,223-182-2267,true
397,2,364,Neill,Thornborrow,2000-05-19,379-827-6169,false
398,4,616,Josefa,Ridesdale,1963-09-24,421-489-0518,false
399,2,590,Trev,Milberry,1945-08-03,433-959-5660,false
400,4,111,Wainwright,Dey,1906-05-25,117-356-9074,true
401,1,771,Sibyl,Magovern,1979-07-20,301-416-7857,true
402,2,753,Rodrique,Rubens,1921-08-31,872-513-7801,false
403,1,179,Katee,Keepence,1925-09-23,782-599-9266,false
404,3,157,Xena,Bogue,1940-01-01,735-382-4313,true
405,4,679,Jock,Meader,1955-04-15,800-364-9518,false
406,4,821,Samuel,Squier,1941-03-18,364-372-5605,false
407,3,325,Tanya,Malthouse,1940-02-02,237-729-0941,false
408,2,442,Corena,Tweedlie,1953-06-29,453-122-0720,true
409,1,88,Cobb,Luby,1902-01-22,235-751-9248,true
410,1,346,Giustina,Fitzhenry,1988-10-17,857-909-0755,true
411,2,187,Hermie,McCloughlin,1922-10-22,881-158-4827,true
412,3,291,Ax,Brimner,1988-11-14,215-768-8799,false
413,4,510,Malchy,Mourge,1983-12-15,670-281-2033,false
414,4,525,Camille,Dillingham,1927-03-16,593-410-9224,false
415,2,429,Loren,Kryszka,1910-11-05,251-873-0961,false
416,4,517,Keir,Carradice,1941-09-21,205-321-9894,true
417,1,856,Erie,Chapellow,1978-06-28,386-560-5155,false
418,2,611,Hurley,Eckels,1929-03-14,718-731-1177,false
419,4,930,Renate,Dayborne,1906-05-03,619-959-1117,false
420,2,284,Antoni,Lopez,1971-01-31,557-416-1705,false
421,1,627,Godfree,Dyche,1917-02-24,744-544-2002,false
422,3,641,Wynn,Monkton,1976-09-06,455-625-6773,false
423,1,49,Neel,Bruffell,1921-04-27,263-460-0420,false
424,3,707,Jay,Cariss,1944-09-04,727-133-1134,true
425,1,630,Jacky,Ludy,1979-09-08,369-402-1117,true
426,3,42,Emmett,Olrenshaw,1940-07-11,581-859-1695,false
427,2,930,Roxy,Brymner,1930-06-07,639-187-3983,false
428,2,990,Elle,Mayo,1917-07-18,572-749-5361,true
429,3,569,Aliza,Mallard,1900-02-26,284-562-1389,true
430,1,87,Cleavland,Deackes,1987-04-01,603-774-9186,false
431,2,469,Floria,Jeannaud,1934-10-23,460-196-4225,true
432,1,647,Lilian,Baudin,1948-06-10,803-506-1184,true
433,4,1000,Muire,Hayller,1994-08-06,559-572-7732,false
434,3,518,Ula,Durbann,1916-11-22,702-831-9379,true
435,1,992,Weber,Saiens,1989-05-03,526-682-8733,true
436,3,884,Nonie,Martinovic,1958-03-31,315-965-6817,false
437,4,725,Anny,Schlagh,2002-08-13,933-882-0625,true
438,1,377,Deidre,Argo,1970-09-29,203-244-0796,true
439,3,683,Ruby,Novakovic,2004-01-29,445-423-1802,false
440,3,979,Gottfried,Pascow,1956-03-08,896-500-5701,true
441,4,807,Happy,Ronchka,1949-02-26,842-303-5561,true
442,4,372,Alejandro,Prate,1904-09-06,574-743-4625,false
443,3,897,Carmela,Frushard,1997-11-12,482-808-2872,true
444,1,732,Justina,Prowting,1937-03-18,405-267-5182,false
445,3,167,Rozanne,Sterling,1940-08-20,171-283-8474,true
446,1,821,Lyndel,Yearron,1926-11-04,242-363-5636,true
447,3,602,Any,Uren,1986-08-04,941-810-3885,true
448,3,729,Filbert,Riddington,1976-02-26,121-166-3685,false
449,1,898,Cyndie,Baldini,1905-09-27,756-125-8747,true
450,1,581,Agnes,Merkel,1965-02-24,288-676-4287,false
451,1,127,Tansy,Pocklington,1919-11-15,145-129-2644,false
452,3,290,Sax,Sumption,1983-07-22,511-886-0306,false
453,1,390,Claiborn,Einchcombe,1916-11-10,260-139-3231,false
454,1,797,Manny,Dary,1914-04-15,414-184-1438,true
455,1,625,Ranna,McPhelimey,1941-01-23,849-814-3070,false
456,3,846,Tracey,Hover,1987-03-19,629-145-8329,true
457,3,930,Prue,Leades,1991-01-04,285-609-8279,true
458,4,292,Anselm,Shambrook,1905-12-03,732-918-6828,false
459,2,647,Roldan,Stoeck,1914-03-13,324-612-6688,false
460,3,571,Merv,Bridywater,1935-05-03,908-263-9521,true
461,3,522,Merline,Quickenden,1990-03-23,106-757-0211,false
462,4,838,Kaitlyn,Merrywether,1992-11-23,950-751-4283,false
463,2,90,Win,Luttger,1961-06-09,970-529-4900,false
464,3,263,Sibella,Longfellow,1925-07-28,578-182-9286,true
465,1,316,Enos,Tregust,1926-12-11,464-438-9288,false
466,2,130,Victoir,Battlestone,1943-01-11,812-553-9702,true
467,3,494,Sena,Shovelbottom,1909-12-09,473-634-9337,false
468,4,466,Francis,Benettelli,1955-05-21,371-420-8701,false
469,1,778,Jelene,Paige,1918-11-30,763-674-3022,true
470,1,870,Antonina,Garroway,1993-07-13,993-233-1697,false
471,2,260,Athene,Ledward,1954-02-16,524-627-1824,false
472,2,642,Alvis,Aykroyd,1903-01-25,466-567-2646,false
473,1,442,Woody,Domonkos,1923-07-02,602-414-0585,true
474,2,232,Cletis,Burdett,1915-07-29,453-314-5518,false
475,4,122,Dorey,Cadwell,1932-06-19,166-894-6012,false
476,2,74,Trudey,Jako,1925-07-10,535-702-9338,false
477,3,429,Wash,Sharpus,1958-09-01,383-658-1172,true
478,4,780,Herminia,Lanphere,1933-03-20,692-324-3918,false
479,1,149,Lannie,Rosenfrucht,1982-09-08,928-230-2974,true
480,3,12,Dud,Massinger,1997-01-23,663-985-6418,false
481,2,249,Wren,Newitt,2002-10-09,306-609-8550,false
482,1,920,Dawn,Jamot,1911-12-08,833-988-1169,true
483,4,418,Madelle,Mabbot,1940-01-21,215-496-1503,false
484,4,320,Antoni,Eley,1920-05-21,950-443-8930,false
485,1,33,Dukey,Yesenin,1918-03-08,707-274-9535,false
486,3,464,Nita,Dowdam,1954-02-23,106-909-3785,true
487,3,61,Tuesday,Grahlman,1904-12-03,750-867-6877,false
488,3,286,Von,Field,1922-11-30,453-457-3198,true
489,3,934,Jamison,Urry,1940-09-27,267-434-4068,false
490,2,697,Silvia,Bateup,1917-01-07,153-962-7474,true
491,3,874,Levon,Clee,1935-01-02,555-166-3803,false
492,3,792,Zachary,Boreland,1943-04-30,672-691-9221,false
493,2,700,Aguistin,Giacobelli,1902-10-04,756-226-3563,true
494,3,716,Ahmed,Eatock,1998-09-27,156-627-5796,false
495,1,25,Leila,Hymer,1961-02-10,219-411-5805,false
496,1,195,Shannen,Mecozzi,1957-08-17,446-452-7611,true
497,4,955,Sarette,Humbee,1995-09-21,577-359-1005,false
498,3,888,Arnold,Newcomb,1987-04-16,466-651-4649,false
499,1,680,Barrie,Stailey,1971-05-17,515-922-7390,false
500,4,621,Rosalinda,Grishechkin,1971-09-10,204-977-5443,true
501,4,774,Austine,Coventry,2000-09-04,423-311-4817,false
502,1,36,Rey,Gynne,1958-05-04,126-389-1340,false
503,3,523,Cazzie,Staite,1981-09-16,426-793-6819,false
504,2,515,Shelley,Matijasevic,2001-05-12,615-449-0734,false
505,4,540,Godfry,Prophet,1992-03-18,681-820-0835,false
506,3,854,Hew,Hunton,2004-03-12,963-549-9584,true
507,1,404,Clio,Garvin,1952-08-27,360-769-2716,true
508,1,918,Dayle,Crockley,1950-09-04,805-301-8853,true
509,3,5,Waldemar,Woolen,1908-06-27,477-644-1433,true
510,3,988,Ginger,Fiddyment,1949-01-27,814-160-6604,true
511,1,874,Shea,Ritter,1962-07-12,110-515-8919,true
512,4,651,Sergei,Boylan,1951-11-25,900-767-5688,false
513,1,960,Aleksandr,Skuse,1903-03-06,205-897-8005,true
514,3,839,Alexina,Goodyear,1903-09-22,678-969-5073,false
515,4,475,Fifine,Blas,1977-06-19,262-419-8664,false
516,3,77,Haley,Woolfitt,1962-01-22,114-878-9269,false
517,2,314,Clarence,Wandless,1915-10-29,433-518-7122,true
518,2,360,Moll,Merrgan,1908-09-12,535-398-7295,true
519,4,602,Marius,McGauhy,1949-08-10,743-948-8707,true
520,1,410,Jeanine,MacRierie,1937-03-16,387-731-8981,false
521,3,798,Cherrita,Grayer,1999-09-19,220-567-1797,true
522,1,227,Erin,Gisburne,1998-05-16,850-271-3434,false
523,4,737,Ketti,Pahl,1901-04-25,919-269-3037,true
524,4,221,Evangelin,Lower,1997-12-08,545-587-3005,false
525,1,369,Mill,Rehm,1914-12-03,200-732-0611,true
526,1,501,Taddeo,Midghall,1910-12-15,904-396-0022,true
527,4,110,Dimitry,Georgeon,1905-05-03,602-652-1399,false
528,2,581,Lani,Presslee,1951-01-02,947-514-3671,false
529,3,992,Eldon,Kezor,1923-01-24,588-959-7221,true
530,1,406,Deanne,Sclanders,1927-05-13,671-192-3391,false
531,2,718,Abbie,Sondon,1957-05-27,822-137-9300,true
532,2,249,Lorettalorna,Dunne,1984-02-01,927-938-5018,true
533,1,287,Jennee,Gullyes,1907-07-07,950-569-6844,true
534,2,575,Lenee,Mar,1903-09-01,451-540-5331,false
535,4,167,Nisse,Robeiro,1943-09-04,524-139-8347,false
536,1,374,Wolfgang,Lambotin,1927-10-04,981-148-4689,true
537,1,729,Nance,Popeley,1951-03-22,709-253-0335,false
538,1,649,Xerxes,Woodus,1910-10-10,421-909-7967,false
539,2,841,Tabbie,Chidzoy,1982-03-08,816-921-2639,true
540,1,709,Blake,Sharnock,1984-09-16,459-718-6563,true
541,1,549,Nita,Hillhouse,1986-08-25,376-593-9894,true
542,2,298,Gratiana,Charopen,1994-09-05,594-731-6350,false
543,2,520,Riane,Plumridge,1986-01-21,565-840-5808,true
544,3,319,Renate,Samber,1904-03-30,393-550-4986,false
545,4,30,Amory,Strathman,1914-02-17,375-880-4392,false
546,1,703,Rusty,McGirr,1984-08-07,539-412-5696,false
547,3,662,Courtnay,Hapgood,1965-03-26,187-832-0684,true
548,2,200,Emmi,Lansdowne,1978-07-01,896-436-3371,false
549,1,559,Lilith,Chieze,1933-09-26,589-227-4349,false
550,3,820,Robinett,Beckers,1975-08-14,407-583-5838,true
551,3,985,Anna-diane,Massimi,1901-08-12,813-643-2283,false
552,4,846,Chery,Elks,1937-07-19,905-761-5609,true
553,1,368,Quentin,Moorhead,1920-05-23,546-623-8695,false
554,4,444,Rayner,Marrill,1972-09-27,627-758-4032,true
555,3,787,Lamont,Lepick,1941-02-02,924-968-9112,false
556,1,523,Gussy,Carayol,2004-05-01,249-377-5969,false
557,2,161,Port,McNirlan,1953-09-20,948-510-4892,false
558,2,792,Starr,Roberds,1991-08-21,748-332-4152,false
559,1,948,Amii,Lassells,1947-04-03,711-889-6926,false
560,2,716,Clark,Lafayette,1917-06-19,711-148-1100,false
561,1,524,Sloan,Kingsnoad,1991-08-25,507-927-4135,true
562,3,964,Westbrooke,Watchorn,1929-09-09,343-423-4003,false
563,3,634,Hagan,Calender,1912-01-09,102-995-7266,true
564,3,143,Silvester,Huggin,1937-10-01,277-124-4820,true
565,4,361,Fitz,Fonzone,1978-07-27,323-353-8916,true
566,2,470,Alvan,Falvey,1951-12-29,192-387-7854,false
567,3,664,Micky,Springtorp,1981-11-06,246-370-9612,false
568,1,884,Dwight,Castiglioni,1930-08-14,436-797-4511,false
569,4,142,Anett,Troop,1945-12-28,334-436-8234,false
570,1,50,Wat,Panons,1951-06-13,260-321-6166,false
571,4,524,Roselle,Meller,1933-07-03,212-122-2469,true
572,1,816,Niccolo,Dewfall,1916-03-06,729-889-6791,false
573,1,988,Shadow,Colbert,1938-12-24,385-492-7545,false
574,4,39,Aldwin,Jewise,1908-08-13,720-612-6436,false
575,1,679,Marna,McKeller,1914-11-25,510-292-6599,false
576,1,156,Jonathan,Maundrell,1959-07-06,678-441-6386,true
577,1,670,Penelope,Falkingham,1984-07-12,216-227-3429,false
578,3,856,Lacee,Daventry,1976-10-20,792-507-3083,true
579,1,32,Niki,Crooks,1987-01-31,345-344-2336,false
580,1,61,Shaine,Anan,1970-11-09,752-875-8881,true
581,3,108,Clemmy,Manhare,1973-04-20,244-797-9361,false
582,1,246,Holt,Cescotti,1901-06-02,122-911-0624,true
583,4,215,Margit,Wedmore.,1924-07-15,196-353-2686,false
584,3,870,Marion,Hulance,1904-09-12,782-482-0741,true
585,3,486,Martino,Purkess,1953-10-12,404-149-0223,false
586,3,737,Christoph,Scrannage,1918-01-01,546-926-5768,false
587,2,784,Ninetta,Hecks,1974-06-15,396-475-5968,true
588,1,209,Yoshi,Laming,1911-07-07,143-943-6644,false
589,3,661,Julianna,Church,1992-11-24,813-949-5434,false
590,2,335,Lind,Mancer,1907-04-21,603-858-6246,true
591,2,926,Sheelah,Flageul,1989-02-04,844-397-7912,true
592,3,292,Felisha,Baxandall,1922-12-28,320-856-7771,false
593,4,186,Christian,Pinnijar,1909-12-20,566-468-5308,false
594,1,851,Ruthe,Caudrey,1968-02-25,107-368-4800,false
595,2,954,Martynne,Olivie,1935-07-06,469-802-5197,false
596,2,493,Corrine,Tripony,1939-05-24,383-834-7220,true
597,1,203,Dora,Portam,1977-11-05,234-338-1706,false
598,3,22,Dasi,Sich,1995-04-30,165-284-2845,true
599,4,333,Velvet,Bust,1911-07-26,906-755-7750,true
600,1,813,Shaun,Maxted,1930-08-14,543-678-1491,false
601,2,87,Lotti,Mandre,1969-10-07,110-576-2767,true
602,4,925,Daryl,Grossman,2002-09-07,651-255-0452,true
603,2,150,Kristine,Grassot,1971-04-20,840-480-2474,false
604,2,301,Austina,Burford,1930-07-14,560-746-0353,true
605,2,571,Rutledge,Dunthorne,1913-06-20,638-146-8584,true
606,1,649,Graham,Hastler,1969-12-21,530-613-1480,true
607,3,291,Avigdor,McCaig,1933-09-10,757-825-3230,false
608,2,357,Rees,Laurie,1967-01-13,487-661-4685,true
609,3,741,Peria,Geggus,1931-12-17,511-130-7239,false
610,1,248,Garret,Ruberti,1916-09-06,173-679-9571,false
611,2,239,Antoine,MacInherney,1909-08-26,145-841-6897,false
612,4,72,Iris,Bauduccio,1991-11-17,904-561-4779,true
613,4,216,Noreen,Louth,1924-08-24,143-256-8204,false
614,4,8,Adrienne,Grave,1955-01-24,246-396-9284,true
615,3,847,Juli,Chansonnau,1949-07-27,343-648-0946,false
616,3,547,Cecilla,Chick,1958-04-29,669-821-2774,false
617,2,274,Amby,Deards,1975-06-04,758-864-7927,false
618,1,673,Lesya,Schroder,1980-12-04,980-673-0953,false
619,3,703,Norri,Deare,1978-05-15,379-225-5861,true
620,4,813,Laurena,Pepon,1946-10-29,372-243-9587,false
621,4,305,Monte,Wheadon,1928-09-20,287-270-7563,true
622,4,275,Alick,Lichfield,1950-09-02,567-249-9081,false
623,2,296,Kiersten,Checci,1902-12-15,983-572-1562,false
624,3,418,Fidole,Forton,1911-10-24,486-470-9396,true
625,3,352,Olivette,Ecob,1915-11-17,159-942-9017,true
626,4,152,Rebeka,Rayburn,1903-07-08,296-842-6758,true
627,2,478,Halli,Thresh,1906-11-24,282-662-3999,false
628,2,647,Walton,Badsworth,1932-11-27,272-383-7152,false
629,1,231,Alastair,Tysack,1926-07-26,255-121-2215,true
630,3,804,Georgeanne,Flegg,1971-04-30,799-554-1342,true
631,4,938,Tommie,Garrand,1900-11-30,832-748-7974,false
632,1,466,Charissa,Fossey,1933-04-12,510-571-5329,false
633,4,672,Carrol,Sanches,1971-07-30,828-296-4000,true
634,4,209,Latashia,Joriot,1938-09-01,879-293-6370,true
635,4,954,Frannie,Grimmer,1981-10-08,629-318-5429,true
636,4,888,Torin,Lanfear,1931-08-06,358-828-5255,true
637,4,313,Gaylene,Arnaudi,2003-11-18,392-493-3011,false
638,4,787,Orelie,Leonards,1977-11-02,245-960-9864,false
639,4,98,Clem,Scotter,1955-04-27,335-610-9060,true
640,4,447,Margy,Suero,1977-09-16,146-308-3166,true
641,4,460,Glynda,Brenstuhl,1978-04-08,748-636-9074,true
642,1,460,Ric,Droghan,1934-05-19,134-931-8211,true
643,3,60,Enrichetta,Wheowall,1990-06-02,718-719-9164,true
644,1,729,Kellyann,Caras,1926-09-07,260-157-0760,false
645,1,918,Elliott,Ransfield,1953-09-18,457-835-1328,false
646,4,126,Caren,Cheine,1945-03-21,329-348-4555,true
647,3,487,Regan,Lys,1984-09-15,805-532-8751,false
648,2,940,Amandi,Ivakhno,1950-08-06,495-919-3241,false
649,1,403,Britt,Ormrod,1928-10-03,989-711-5239,false
650,4,893,Ricky,Caudray,1954-04-22,241-310-1869,true
651,3,85,Terra,Carrier,1977-09-04,560-428-0185,true
652,2,697,Willy,Banasiak,1993-05-07,563-622-0230,true
653,4,547,Joceline,Hibling,1940-04-28,718-211-3625,false
654,3,474,Brade,Buyers,1911-05-25,353-423-5081,true
655,1,354,Amble,Wrennall,1997-08-19,453-662-4472,false
656,4,890,Gib,Januszewski,1949-02-07,898-335-0245,true
657,3,270,Bertie,Swinerd,1981-01-13,567-837-0787,true
658,2,171,Bernarr,O'Rafferty,2004-06-22,311-620-4913,false
659,3,412,Marlow,Tilt,1967-01-27,683-265-0696,false
660,1,699,Alphonse,Biggerdike,2004-02-24,482-701-9034,true
661,3,860,Cariotta,Pomfrey,1932-03-10,114-854-1985,true
662,1,625,Rickie,Ainsley,1920-11-13,116-674-6126,false
663,4,934,Alvie,Hartopp,1921-11-06,217-122-2317,true
664,3,627,Marlena,Bennedick,1988-04-06,335-959-9446,false
665,3,444,Tammi,Sher,1979-12-23,913-574-2694,false
666,2,517,Lucais,Collar,1943-01-12,740-142-8612,true
667,3,369,Rubie,Trussler,1996-04-11,255-436-6725,true
668,4,5,Kassie,Gress,1992-07-03,693-675-4947,false
669,3,195,Magdaia,Warlawe,1980-06-30,616-583-2860,false
670,3,670,Cale,Bewlay,1917-07-23,776-860-6061,false
671,3,211,Janek,Gagen,1995-08-17,977-808-0626,false
672,1,960,Corri,Lapslie,1920-08-12,772-716-1497,false
673,2,775,Suzanna,Weiss,2004-04-07,576-746-8031,true
674,2,115,Imojean,Chicchetto,1969-03-02,579-268-2256,true
675,1,978,Ky,Harlick,1974-03-15,971-151-8840,true
676,4,223,Warren,Fenney,2000-10-27,630-325-6094,false
677,2,372,Rolf,Swaine,1996-02-17,199-259-0108,false
678,1,753,Martin,Kilalea,1920-09-06,229-807-6858,true
679,4,711,Myca,Guerrero,1976-04-25,771-537-0841,false
680,1,639,Chip,Beadman,1977-04-16,287-861-0480,false
681,4,151,Bennie,Sherbrooke,1967-08-01,917-705-5804,false
682,4,475,Javier,Hales,1954-04-19,819-807-4857,false
683,4,456,Glori,Fissenden,1943-06-04,751-684-2899,true
684,1,421,Abba,Yelland,1931-07-09,640-319-9886,true
685,2,805,Cullie,Wastell,1916-04-07,683-611-0996,true
686,4,466,Cherise,Kirman,1932-02-15,729-116-2042,true
687,4,666,Hunt,Kornas,1938-01-16,104-419-1270,false
688,2,615,Cliff,Gaggen,1948-03-31,216-458-3092,false
689,1,650,Branden,Venmore,1993-01-16,828-733-0873,true
690,4,754,Jefferey,Saltsberger,1902-12-08,927-417-3042,false
691,3,490,Laughton,Patesel,1915-12-02,641-730-8585,false
692,3,654,Brear,Cokayne,1975-08-23,815-454-4605,false
693,4,574,Tod,Painswick,1914-01-31,462-805-2733,false
694,4,499,Damiano,Walstow,1987-07-28,550-314-9908,false
695,2,905,Richardo,Brew,1910-06-22,712-421-3215,true
696,4,38,Gabriela,Ortler,1907-04-01,650-484-0612,false
697,1,448,Jorge,Manifold,1933-07-23,143-919-8255,true
698,2,644,Hansiain,Dominicacci,1991-12-19,629-721-4671,false
699,4,874,Adrienne,Gabbat,1984-07-26,265-356-3400,false
700,4,482,Dorise,Heskey,1968-01-24,553-930-0315,true
701,3,442,Thorn,Ruby,1944-08-14,886-857-5955,false
702,4,789,Abe,Beedie,1953-09-12,668-531-2840,false
703,2,602,Patrica,Monday,1927-08-19,442-550-5336,false
704,4,761,Anna,Barsby,1994-02-08,709-951-1472,true
705,2,858,Dianne,Minico,1994-10-26,735-598-9544,false
706,4,624,Mavis,Luberto,1968-03-29,851-623-3073,false
707,1,688,Quentin,Latta,1978-09-16,460-379-5009,true
708,3,878,Pennie,Oslar,1932-02-25,712-284-7245,true
709,1,708,Miranda,Humberstone,1915-09-10,761-445-2847,false
710,1,721,Chiquia,Gaydon,1922-11-20,514-739-5668,false
711,2,753,Coretta,Dengate,1952-03-03,526-791-2077,true
712,4,298,Bernelle,Neal,1904-05-16,420-476-3364,false
713,3,798,Sharia,Albany,1932-11-14,367-433-9742,true
714,3,274,Pearle,McKerron,1905-12-03,862-485-4403,true
715,3,294,Pail,Isacsson,1963-08-18,688-324-2259,false
716,2,159,Ash,Peedell,1904-05-05,932-303-4960,true
717,1,817,Dorette,Roncelli,1972-08-11,143-609-6230,true
718,4,73,Ingrim,Fincken,1938-07-28,373-123-3711,false
719,2,334,Maureen,Dalbey,1928-12-25,352-380-9523,true
720,1,888,Hana,Marte,1969-11-11,303-649-8355,true
721,2,102,Hashim,Decort,1989-11-30,603-302-1568,true
722,1,887,Arty,Novic,1911-03-02,728-494-3596,false
723,1,737,Jo-ann,Paty,1950-01-22,111-155-0015,true
724,4,75,Fawn,Fellgett,1945-04-28,701-523-8133,true
725,3,209,Ysabel,Stemp,1988-12-04,612-415-3111,true
726,4,97,Vanya,Beminster,1985-10-12,538-663-2477,false
727,4,40,Dulcia,Clericoates,1995-10-05,197-727-4450,false
728,2,31,Brynn,Folca,1900-07-07,226-815-7324,false
729,1,554,Garald,Correa,1929-11-17,231-147-6683,true
730,3,257,Tamqrah,Bromehed,1921-01-20,809-712-1217,true
731,2,246,Ernesta,Killingsworth,1976-05-05,482-381-0097,false
732,4,642,Garnet,Blogg,1995-10-02,331-913-1172,false
733,2,669,Alysia,Castellani,1976-06-12,232-740-6806,true
734,3,78,Serge,Keel,1906-06-29,908-967-2123,false
735,4,258,Noby,Desbrow,1900-06-12,190-191-6608,true
736,2,571,Zacharia,Oubridge,2003-02-16,417-299-3631,false
737,4,135,Anton,Suermeier,1990-01-31,612-926-5231,true
738,4,490,Valry,Simka,1963-09-13,532-765-8954,false
739,1,241,Liuka,Andrieu,1931-07-05,138-347-8465,false
740,1,335,Ray,Twinning,1922-03-09,633-333-9071,false
741,4,16,Toinette,Hurch,1970-12-22,691-455-6242,true
742,3,40,Ida,Bollis,1942-01-06,385-816-8816,false
743,3,267,Dwain,Smowton,1951-01-31,422-861-9644,true
744,2,625,Bernardina,Collingridge,1989-11-06,610-681-9924,false
745,3,65,Jessalyn,O' Liddy,1971-02-02,309-747-8434,true
746,2,661,Shannon,Blacksland,1947-06-28,199-540-2248,false
747,3,194,Dacia,Niessen,1995-11-08,170-228-8993,true
748,1,998,Katerina,Brigstock,1971-02-17,331-747-4195,false
749,2,753,Rodrick,Cheltnam,1945-01-28,271-110-9549,false
750,2,483,Rey,Bahlmann,1945-03-27,646-688-9825,false
751,4,199,Gunther,Mulryan,1931-11-29,754-107-7185,true
752,3,639,Rodrick,Schneidar,1958-08-06,668-838-4033,true
753,3,839,Harrison,Balshaw,1943-08-01,623-670-6163,false
754,1,876,Freeman,Boumphrey,1990-11-28,840-575-3840,false
755,2,590,Harriette,McArte,1916-02-07,256-843-9022,false
756,2,890,Jarret,Standall,1910-11-28,237-360-6045,true
757,1,653,Reamonn,Karpinski,2001-02-27,195-135-6309,true
758,1,31,Pier,Moreno,1910-12-09,506-822-9012,false
759,4,561,Latia,Trickett,1994-12-19,522-530-6851,false
760,3,395,Annaliese,Albert,1960-08-29,905-311-8285,false
761,1,553,Adaline,Kensit,1922-10-18,595-675-7400,true
762,1,593,Jacobo,Jerromes,1933-01-17,948-225-2958,false
763,2,687,Gwenette,Eberdt,1961-07-17,722-109-1750,true
764,3,146,Fredrick,Roman,1975-04-16,168-477-6631,false
765,3,583,Cher,Alloisi,1962-08-12,105-613-8709,true
766,1,546,Paul,Pheasey,1932-11-29,742-990-7501,false
767,2,128,Celestine,Belson,1920-12-03,396-181-9556,true
768,1,642,Durward,Batt,1916-11-07,212-732-8800,true
769,1,474,Padgett,Sifflett,1924-07-17,652-177-1787,false
770,3,781,Camey,Finnigan,1951-07-22,587-918-5854,true
771,1,123,Antony,Foy,1979-09-29,348-867-6506,true
772,1,439,Bambie,Sherbrooke,1964-12-19,384-844-7508,false
773,4,874,Rhodia,Grouer,1910-10-13,573-297-3384,true
774,3,147,Peyton,Castellanos,1920-04-14,789-536-4007,false
775,2,849,Burl,Knotton,1911-10-28,358-855-0098,false
776,4,535,Georgeanna,Wiffler,1996-07-31,205-659-2755,true
777,2,936,Gordie,Halton,1962-04-07,698-506-6411,false
778,4,429,Adams,Matteau,1945-01-22,549-483-3298,false
779,3,581,Martha,Seman,1995-05-12,318-191-6869,false
780,4,504,Padriac,Abby,1954-06-10,902-952-9472,true
781,2,421,Gussie,Sissel,1943-05-07,885-689-1054,true
782,3,112,Kariotta,Munby,1901-10-06,518-159-9358,false
783,3,851,Donny,Dusey,1964-09-23,840-273-3027,true
784,2,896,Chen,Simecek,1966-10-03,935-595-2947,true
785,1,744,Kayne,Osichev,1923-02-07,760-665-4892,true
786,1,179,Sherill,John,1962-08-07,133-988-4250,true
787,4,883,Gerta,Odda,1925-11-15,302-303-4165,true
788,2,268,Eleanor,Ponter,1993-06-16,819-931-0432,false
789,1,30,Roze,Haysman,1958-03-11,348-213-0276,false
790,4,460,Windy,Hirsch,1983-04-18,469-824-3765,true
791,4,220,Marlo,Gaymer,1962-06-02,579-920-2298,true
792,3,498,Nester,O'Spellissey,1934-09-20,677-751-0522,false
793,4,539,Sonni,Keenor,1975-05-27,179-825-3722,true
794,4,26,Nobie,Pfaffe,1904-01-25,203-497-3811,true
795,2,805,Otis,Aingell,1994-10-09,371-106-9137,false
796,2,641,Jacklin,Trenbey,1918-12-27,992-235-3619,true
797,3,626,Fawne,Cordel,1968-06-02,577-955-4029,false
798,4,89,Brantley,Fellgate,1904-08-05,151-234-6373,false
799,1,871,Muhammad,McCloud,1959-05-25,853-691-3165,false
800,1,535,Raeann,Echallie,1985-08-12,824-793-0867,true
801,2,148,Gallagher,Mundell,1937-06-14,434-121-1753,false
802,2,630,Shay,Worledge,1949-03-21,425-184-8050,true
803,3,459,Hatty,Duckhouse,1933-07-21,156-702-2652,false
804,4,426,Janene,Weber,1942-06-15,940-392-1868,true
805,4,247,Jackelyn,Cleever,1998-09-15,452-118-2506,false
806,1,212,Elwood,Grenfell,1931-09-26,382-226-1386,true
807,3,47,Kynthia,Ploughwright,1911-05-16,691-828-9417,false
808,4,77,Lowe,Robjents,1909-08-13,708-294-7880,false
809,3,229,Burk,McCready,1929-10-24,770-827-1855,false
810,2,723,Guthrie,Willas,1998-12-14,571-693-9011,false
811,1,498,Minerva,Necrews,1980-05-09,268-356-2458,true
812,4,197,Dyanne,Stormes,1914-10-06,752-915-3743,true
813,2,314,Ike,Mara,1977-11-08,294-323-1413,false
814,4,99,Adelaide,Maass,1904-02-16,888-576-3504,false
815,4,942,Gabriele,Randalston,1943-06-04,904-204-8927,true
816,1,127,Sheila,Dohmann,1950-12-03,682-663-1793,false
817,3,634,Reade,Heaselgrave,1971-06-07,312-562-9185,false
818,3,686,Barry,Tallquist,1900-01-08,192-495-5698,false
819,1,472,Therine,Human,1955-10-25,608-819-8618,false
820,1,705,Jennee,Slavin,1998-02-03,591-657-4198,true
821,2,948,Jemmy,Smelley,1993-08-19,988-660-5391,false
822,3,154,Trumann,Smewin,1913-12-31,190-599-7985,false
823,1,679,Jobey,Hammel,1960-02-23,246-895-0556,true
824,2,177,Niki,Bolsteridge,1991-05-08,617-901-8380,false
825,1,692,Samara,Gidney,1922-10-29,911-532-5697,true
826,3,411,Niki,Loveless,1906-05-26,723-148-7538,true
827,4,464,Elset,Cobbledick,1914-08-06,558-476-7852,false
828,3,19,Madison,Elvy,1976-04-11,692-215-2581,true
829,1,146,Dre,Pankethman,1986-05-14,929-502-9760,false
830,3,444,Letizia,Croall,1949-08-13,828-766-8552,false
831,3,875,Barbette,Tuley,1993-08-23,368-879-3304,true
832,2,155,Norrie,Shenfish,1990-01-09,889-294-6607,false
833,2,362,Lorette,Hearl,1926-02-23,939-187-6643,false
834,2,689,Clarice,Farans,1923-11-08,794-789-2132,true
835,2,330,Boot,Roseman,2003-02-19,911-858-2990,true
836,3,545,Eddie,Kidstone,1917-07-22,725-398-1609,false
837,3,945,Lauritz,Pizzey,1985-03-31,485-348-1053,false
838,1,868,Hatti,MacDirmid,2000-02-22,636-415-3818,false
839,2,354,Agneta,Vasyunkin,1962-02-21,863-791-9662,false
840,2,278,Demetris,Crummey,1924-08-22,365-754-8932,false
841,3,270,Ole,Bend,1952-05-02,974-411-3928,false
842,3,425,Velma,Cheverell,1967-12-04,972-743-3660,true
843,2,361,Phillipp,Annon,1929-07-09,902-661-2457,false
844,2,288,Tuck,Fortnon,1969-02-12,641-853-6941,false
845,1,747,Broderic,Morrall,1993-12-04,314-476-1235,true
846,3,471,Jere,Lorincz,1935-04-06,437-650-0980,false
847,4,821,Natasha,Merring,1909-10-12,213-205-2494,true
848,3,250,Susanne,Barron,1943-07-04,956-554-7230,true
849,3,840,Fidelio,Bolley,1932-01-19,783-603-2676,false
850,4,178,Odo,Goodred,1933-05-13,391-205-8648,true
851,1,515,Oralia,Scorah,1948-11-04,868-917-1570,true
852,2,477,Junette,Reford,1901-02-02,619-686-7932,true
853,1,36,Rollins,Labell,1916-11-01,679-341-2744,false
854,1,494,Alfredo,Yosselevitch,2002-06-12,540-104-7121,true
855,3,956,Marje,Worwood,1927-11-04,265-848-3107,true
856,3,458,Richart,Fellos,1918-03-28,263-697-6316,true
857,4,373,Izaak,Churchlow,1926-12-04,401-763-2702,true
858,3,618,Lynne,Opy,1946-04-17,215-564-7784,true
859,4,837,Parker,Cousin,1900-06-16,662-646-9278,true
860,2,197,Ebeneser,Crang,1925-01-23,719-501-8950,true
861,2,281,Alwyn,Farrant,1901-12-19,124-597-8116,true
862,2,217,Hilda,Well,1994-03-09,480-274-8215,true
863,3,39,Bryn,Dugood,1967-03-31,926-960-0456,false
864,2,349,Heather,Shervil,1905-12-25,966-539-6529,false
865,2,725,Ardyth,Treuge,1987-02-03,433-643-2148,true
866,1,673,Olag,Vanderson,1941-06-05,904-256-0191,true
867,2,602,Prinz,Ragate,1933-03-12,300-873-1185,false
868,1,467,Jane,Rawcliff,1900-07-05,145-919-9792,false
869,3,700,Kiley,Panniers,1946-04-18,538-338-2336,true
870,4,868,Elton,Pimblotte,1910-09-09,292-572-8176,true
871,3,183,Marigold,Hallwood,1946-10-17,245-472-1371,false
872,1,279,Saunderson,Swalwell,1932-09-07,424-695-9923,false
873,3,80,Gabriello,Dewar,1919-02-19,633-753-8579,false
874,1,8,Tyson,Aneley,1981-02-01,725-795-0255,true
875,2,85,Jarrett,Buske,1917-09-21,960-954-2151,false
876,4,749,Carmelle,Verecker,1973-05-10,101-462-4550,true
877,2,960,Lin,Wyne,1997-06-05,386-219-3065,true
878,1,753,Jolee,Nigh,1901-04-16,176-262-1718,false
879,2,880,Jess,Beinisch,1904-11-07,162-926-5373,true
880,3,486,Nilson,Whereat,1988-01-02,621-547-7244,true
881,1,566,Tomas,Persehouse,1953-06-24,829-546-7176,true
882,4,464,Frazier,Cowwell,1903-10-14,969-920-0560,true
883,4,272,Aryn,O'Lagene,1980-06-09,545-768-7342,false
884,4,16,Allie,Meynell,1920-12-01,631-104-9033,false
885,2,84,Wylma,Lowensohn,1971-08-26,924-267-6817,true
886,2,42,Ginevra,Hourigan,1964-04-28,462-974-5865,true
887,2,845,Ellswerth,Blasetti,1919-08-16,801-193-5528,true
888,4,912,Paten,Kraft,1997-01-03,615-695-1259,false
889,2,252,Skipp,Jordan,1959-03-11,683-652-0791,false
890,3,491,Aubrey,Wiffler,1917-04-24,760-317-6775,false
891,2,525,Matthaeus,Hardistry,1944-01-30,805-462-2605,false
892,1,418,Eulalie,Chopin,1904-04-02,131-743-5409,true
893,2,950,Gabbie,Degoe,1927-03-12,359-699-2879,true
894,2,920,Valerye,Fishly,1990-05-24,192-688-6528,false
895,3,636,Laure,Geane,1983-04-03,373-992-6319,false
896,2,965,Emmalee,Gland,1922-10-20,388-740-9156,true
897,1,578,Sidonnie,Monteith,1991-11-25,451-666-7265,false
898,4,507,Teodora,Kermott,1994-03-03,282-557-6728,true
899,1,405,Redford,Duval,1968-09-12,739-666-9774,true
900,4,359,Pebrook,Ivasechko,1978-08-27,245-814-4693,true
901,2,185,Darin,Leppingwell,1902-04-29,886-176-1236,false
902,1,596,Keven,Wedon,1948-09-09,917-710-8735,false
903,3,419,Lianna,Kuhnt,1985-08-03,638-432-3088,false
904,4,750,Brit,Klessmann,1942-11-11,969-581-2933,false
905,1,42,Dill,Ahmad,1929-07-26,397-500-0181,true
906,2,800,Glad,Cockshoot,1976-09-04,782-609-4895,false
907,2,16,Ros,Germaine,1916-05-17,601-712-4596,false
908,3,575,Tabbie,Follett,1932-10-14,703-615-9789,false
909,2,893,Adena,Caslett,1912-07-20,208-316-2123,true
910,1,861,Becka,Lasslett,2002-02-27,255-921-2948,true
911,2,937,Bernie,Burhill,2002-12-09,358-355-0243,false
912,4,23,Val,Clempton,1911-03-27,460-960-9315,true
913,1,437,Gaultiero,Beardshall,1968-02-15,871-539-0162,false
914,4,836,Phillida,Simner,1948-01-21,285-607-4817,true
915,4,955,Nomi,Le Merchant,1974-03-23,479-190-6761,false
916,3,336,Ambrosi,Buckner,1952-06-27,646-392-1600,false
917,4,312,Denver,Elgee,1993-10-18,846-925-8440,false
918,4,813,Farrell,Provest,1996-05-19,351-447-7912,false
919,1,527,Royal,Espinho,1980-09-13,162-603-4221,true
920,1,517,Teresina,Ginn,1951-02-26,489-196-6500,true
921,3,337,Cleo,Gillian,1966-07-13,328-519-7386,true
922,4,170,Elvin,Onele,1916-08-21,746-664-4408,true
923,4,727,Noby,Burghall,1996-03-02,675-499-9210,false
924,2,678,Jannelle,Cornewell,1915-10-05,520-864-3930,true
925,3,907,Ludovika,Zavattari,1908-05-22,233-151-0286,false
926,2,468,Gaby,Tunkin,1979-01-14,476-895-8600,true
927,4,165,Marjorie,Aylward,1989-12-20,958-735-7116,true
928,1,922,Hilliard,Sarjent,1954-04-17,939-189-8052,true
929,2,923,Emalia,Shall,1960-11-09,102-165-5688,true
930,2,408,Jobi,Inkpin,1975-09-06,202-971-5619,true
931,3,121,Tonia,Quarton,1993-09-28,379-617-9197,true
932,3,374,Sadella,Strathdee,1991-05-31,760-845-3242,false
933,3,461,Gloria,Kundt,1916-07-01,627-296-5769,true
934,2,42,Kippar,Duffan,1952-03-14,134-189-3271,true
935,4,750,Paton,Kenningham,1906-04-16,678-532-5914,true
936,2,268,Hersch,Drejer,1910-09-17,762-556-4984,true
937,4,514,Dag,McInnery,1954-05-10,241-941-9171,false
938,1,395,Cletis,Olenchenko,1980-07-14,197-106-1163,true
939,1,153,Jesse,Ranald,1952-09-25,725-250-0366,false
940,2,8,Zack,Gudyer,1930-06-29,616-311-5146,true
941,4,393,Jayme,Bohills,1959-12-07,629-256-6413,false
942,3,425,Sampson,Degli Antoni,2003-09-14,704-285-6607,true
943,3,339,Natal,Nagle,1931-03-24,296-494-1215,true
944,4,70,Toddie,Zoren,1943-07-04,755-396-1206,false
945,3,784,Baily,Foord,1964-01-14,573-517-3542,false
946,3,837,Barri,Wolledge,1977-04-26,518-320-2429,true
947,3,245,Al,Trumper,1944-12-20,973-871-0052,true
948,1,71,Giustino,Swanger,1913-11-28,809-986-2545,true
949,4,84,Payton,Vader,1903-02-18,247-308-6441,false
950,4,671,Abram,Lukins,1992-07-06,325-519-9386,false
951,4,590,Hayley,Vasilischev,1978-06-29,305-481-1104,true
952,4,38,Kirby,Giovannelli,1992-07-21,276-750-9778,false
953,1,120,Guillermo,Collop,1988-12-27,516-834-0775,false
954,4,377,Jillana,Jolly,1937-06-28,637-845-5809,false
955,3,978,Albert,Faley,1903-07-27,977-945-0919,false
956,1,359,Brandise,Farrimond,2000-05-03,494-103-2128,true
957,4,126,Philipa,Cowx,1920-07-09,897-296-8796,false
958,2,960,Nertie,Yeulet,1944-01-06,733-777-9021,false
959,2,685,Felita,Miles,1991-07-05,151-297-8943,true
960,4,123,Fairlie,Neath,1975-11-25,521-544-0842,true
961,3,190,Nelli,Andrag,1911-05-30,167-995-0238,false
962,1,488,Bev,Styant,1919-03-07,827-355-5203,true
963,3,636,Robers,Gonzalvo,1924-08-13,258-839-9685,false
964,1,590,Dillon,Fullerton,1901-05-09,558-331-6608,true
965,1,185,Jo,L'Amie,1909-08-07,841-640-2786,false
966,1,982,Ximenes,Elster,1965-09-02,560-536-8858,true
967,3,313,Aeriela,Svanetti,1910-06-04,782-378-2772,false
968,3,852,Darsey,Ghione,1958-02-25,748-627-3285,false
969,3,767,Pincas,Lanaway,1906-01-26,303-976-3139,true
970,4,490,Doralin,Vannozzii,1925-01-21,690-719-7996,false
971,1,476,Rowney,Coulson,1973-05-04,436-555-5883,true
972,4,732,Gregory,Apfelmann,1950-01-24,310-471-9984,true
973,1,702,Martguerita,Cutteridge,1905-09-26,837-223-4973,true
974,4,538,Michele,Guyonneau,1949-11-01,163-757-0376,true
975,3,712,Marsh,Clow,2004-11-29,749-542-4545,true
976,2,905,Glennie,Beamond,1945-11-12,328-252-8323,true
977,2,97,Frederique,McNess,1982-09-26,748-966-8599,true
978,2,647,Clare,Munkley,1978-04-30,381-379-0922,false
979,3,359,Fritz,Toller,1921-12-27,829-678-6317,true
980,2,875,Natale,Bauduccio,1974-02-28,395-992-6394,true
981,2,503,Galvan,Hogben,1915-05-22,115-960-6393,true
982,2,239,Lorain,Sykora,1979-03-31,467-566-3926,false
983,2,819,Cymbre,Capehorn,1929-05-12,188-739-7048,true
984,2,594,Arny,Ions,1977-01-28,312-838-1072,true
985,1,180,Dugald,Aykroyd,1976-07-27,218-638-4247,false
986,4,638,Jonah,Cruse,1974-11-16,817-513-9313,false
987,3,70,Tabby,Gonnely,1995-02-14,750-466-6888,false
988,2,651,Christopher,Niles,1958-03-31,592-217-9529,true
989,2,779,Tamqrah,Roselli,1974-02-22,143-233-6979,true
990,3,359,Brion,McDonnell,1904-02-07,879-812-2624,false
991,1,286,Eryn,Attock,1964-06-25,776-747-3676,true
992,2,177,Gilemette,Buy,1962-12-09,620-489-4102,false
993,2,650,Lulita,Okey,1944-05-13,899-716-1568,false
994,2,302,Lem,Rollitt,1928-07-24,413-776-7844,true
995,3,607,Tarrah,Gascar,1910-03-06,352-187-8517,false
996,2,267,Minne,Waine,1963-04-04,542-363-9126,false
997,1,29,Tiffie,Austen,1974-01-15,994-982-8691,false
998,2,167,Leontine,Rush,1995-10-01,819-818-4372,true
999,3,575,Ripley,Grocott,1985-09-01,867-640-5956,true
1000,1,609,Maddy,Opdenorth,1975-10-08,190-997-1883,true
