AtendeeId,WorkshopId,ApplicationStatus,TimeOfApplication,WorkshopapplicationId
939,743,cancelled,2028-12-24,1
944,89,attended,2026-11-28,2
4,368,applied,2025-03-14,3
764,312,cancelled,2028-05-08,4
57,981,attended,2025-10-25,5
586,648,attended,2026-06-28,6
811,319,attended,2027-07-29,7
33,926,applied,2027-02-05,8
393,877,attended,2025-12-04,9
933,800,attended,2028-03-30,10
301,419,attended,2026-05-22,11
315,564,applied,2028-02-04,12
521,78,attended,2025-04-09,13
256,712,cancelled,2028-11-17,14
498,310,cancelled,2028-08-06,15
628,275,applied,2025-01-22,16
704,754,attended,2026-12-31,17
774,166,applied,2025-08-07,18
31,19,attended,2027-08-14,19
33,595,attended,2026-05-22,20
524,160,cancelled,2027-05-28,21
289,756,cancelled,2028-11-18,22
431,219,applied,2025-06-24,23
182,379,attended,2028-09-20,24
842,557,cancelled,2028-05-19,25
185,413,applied,2027-01-04,26
719,301,applied,2026-06-29,27
876,446,applied,2025-08-22,28
579,94,applied,2025-11-16,29
631,494,applied,2027-10-02,30
300,467,applied,2027-08-20,31
525,328,applied,2028-06-16,32
603,681,applied,2027-06-09,33
735,423,attended,2025-04-12,34
825,37,cancelled,2027-02-01,35
657,442,cancelled,2027-10-11,36
402,346,cancelled,2025-10-07,37
168,87,applied,2024-12-15,38
254,54,applied,2026-05-25,39
352,829,applied,2028-10-17,40
296,33,cancelled,2026-04-28,41
667,723,applied,2026-12-15,42
284,378,cancelled,2027-04-16,43
963,935,applied,2028-06-27,44
946,673,applied,2028-12-28,45
282,664,attended,2027-06-09,46
106,81,cancelled,2025-08-26,47
264,949,attended,2028-09-18,48
695,82,applied,2027-01-11,49
27,775,applied,2028-08-24,50
759,201,attended,2027-06-03,51
268,532,attended,2028-03-23,52
633,69,applied,2026-12-23,53
335,101,attended,2028-12-20,54
328,563,attended,2028-02-28,55
564,255,cancelled,2027-11-08,56
880,373,applied,2027-10-29,57
869,925,applied,2027-06-26,58
353,724,cancelled,2028-11-19,59
659,632,cancelled,2028-09-28,60
124,660,applied,2027-12-14,61
355,575,attended,2026-08-20,62
808,366,attended,2028-01-24,63
94,545,applied,2026-10-26,64
756,418,attended,2025-09-07,65
611,466,applied,2025-10-13,66
939,479,applied,2027-03-08,67
39,788,attended,2027-01-05,68
692,692,cancelled,2026-12-25,69
662,751,attended,2027-09-30,70
749,298,applied,2026-09-27,71
374,839,attended,2027-08-10,72
185,927,applied,2028-01-22,73
162,975,attended,2027-09-03,74
69,613,cancelled,2028-08-20,75
994,838,applied,2028-06-15,76
672,575,cancelled,2028-02-15,77
961,470,cancelled,2027-03-11,78
415,495,applied,2027-05-23,79
673,754,attended,2025-10-24,80
946,835,applied,2026-07-09,81
211,957,cancelled,2026-12-22,82
983,967,attended,2026-06-28,83
89,566,cancelled,2025-12-29,84
487,40,cancelled,2027-09-11,85
461,556,cancelled,2025-05-27,86
673,341,cancelled,2025-04-01,87
632,133,cancelled,2027-01-20,88
577,475,applied,2025-04-07,89
742,465,attended,2026-03-15,90
724,685,attended,2026-11-18,91
76,325,applied,2026-01-30,92
22,650,attended,2026-03-02,93
973,454,applied,2025-01-19,94
642,550,applied,2027-12-26,95
813,140,attended,2026-12-31,96
80,588,applied,2028-08-10,97
415,398,applied,2027-03-13,98
527,736,attended,2027-06-17,99
773,81,applied,2025-07-25,100
495,696,attended,2026-11-26,101
239,556,applied,2026-01-01,102
404,450,cancelled,2028-11-09,103
948,144,applied,2026-07-26,104
517,872,cancelled,2025-10-09,105
273,536,applied,2026-06-06,106
347,967,cancelled,2028-08-23,107
697,561,attended,2027-09-09,108
313,421,attended,2028-02-25,109
78,941,attended,2028-01-12,110
537,773,cancelled,2028-01-04,111
182,530,attended,2028-08-17,112
871,310,cancelled,2026-11-03,113
251,997,applied,2026-06-05,114
937,409,applied,2027-02-19,115
492,352,cancelled,2027-09-15,116
41,711,attended,2025-07-13,117
334,112,applied,2028-02-20,118
278,856,attended,2027-04-18,119
325,816,cancelled,2028-02-08,120
755,42,applied,2027-09-08,121
493,894,attended,2028-04-03,122
833,642,cancelled,2028-01-06,123
637,61,applied,2028-03-05,124
233,691,attended,2026-05-22,125
681,337,attended,2027-10-04,126
673,896,attended,2028-09-10,127
645,171,attended,2028-04-22,128
221,711,applied,2028-09-07,129
928,854,applied,2027-08-07,130
58,991,cancelled,2028-03-15,131
155,78,attended,2026-12-25,132
319,495,applied,2026-12-04,133
916,430,attended,2028-07-21,134
308,253,applied,2028-10-11,135
643,279,attended,2025-03-21,136
996,467,cancelled,2028-12-19,137
468,613,attended,2025-05-06,138
821,121,applied,2024-12-26,139
222,541,attended,2028-11-27,140
634,253,attended,2027-08-25,141
839,646,attended,2025-05-22,142
168,174,applied,2028-03-11,143
26,594,attended,2025-11-23,144
188,791,applied,2027-12-30,145
920,318,applied,2028-04-19,146
352,495,attended,2028-07-03,147
299,149,attended,2027-08-04,148
355,918,applied,2025-10-11,149
88,226,cancelled,2027-11-20,150
903,485,applied,2026-03-20,151
376,438,applied,2027-08-02,152
86,805,cancelled,2028-10-13,153
838,592,cancelled,2028-10-12,154
749,493,attended,2026-03-01,155
315,308,cancelled,2028-06-30,156
634,491,attended,2027-09-22,157
427,739,applied,2025-11-21,158
982,223,cancelled,2028-11-10,159
951,405,cancelled,2027-04-15,160
307,479,cancelled,2025-08-15,161
546,935,cancelled,2028-01-22,162
989,77,cancelled,2026-08-20,163
328,703,applied,2026-10-21,164
525,204,applied,2025-04-01,165
889,504,applied,2025-03-12,166
911,135,attended,2027-10-31,167
358,320,attended,2028-01-07,168
706,146,cancelled,2025-12-28,169
492,690,cancelled,2026-07-15,170
530,24,attended,2026-01-21,171
758,844,cancelled,2024-12-11,172
189,781,applied,2028-02-05,173
604,646,cancelled,2026-03-07,174
262,569,applied,2027-12-06,175
640,294,applied,2026-03-14,176
502,466,cancelled,2025-01-14,177
272,827,cancelled,2025-01-25,178
712,350,cancelled,2028-04-02,179
972,677,cancelled,2028-10-19,180
479,761,attended,2026-05-17,181
185,4,attended,2026-04-05,182
930,865,applied,2025-10-13,183
342,30,attended,2027-06-19,184
63,377,attended,2025-09-25,185
526,484,attended,2025-09-24,186
627,748,applied,2025-06-09,187
124,147,attended,2026-10-21,188
49,113,attended,2027-04-12,189
455,76,cancelled,2027-02-04,190
831,706,cancelled,2026-08-13,191
334,23,applied,2024-12-11,192
416,606,cancelled,2027-04-12,193
232,20,attended,2028-04-14,194
430,838,applied,2027-12-12,195
127,282,applied,2025-03-07,196
435,366,attended,2026-05-15,197
705,244,attended,2027-04-19,198
307,524,attended,2026-12-15,199
975,148,cancelled,2025-05-05,200
344,571,attended,2028-04-24,201
265,408,attended,2028-02-04,202
325,756,applied,2026-09-04,203
209,512,attended,2028-03-01,204
884,442,cancelled,2027-10-17,205
716,980,attended,2028-07-21,206
19,200,attended,2026-12-19,207
504,803,attended,2028-11-04,208
536,917,cancelled,2025-01-02,209
760,112,applied,2027-09-02,210
531,758,cancelled,2025-06-23,211
668,805,attended,2027-09-16,212
514,213,attended,2025-10-06,213
811,697,attended,2028-10-07,214
259,286,applied,2025-01-30,215
597,1000,attended,2028-11-08,216
697,964,applied,2027-08-16,217
869,889,applied,2026-05-13,218
670,52,cancelled,2028-01-27,219
274,318,cancelled,2025-08-08,220
100,406,cancelled,2027-11-18,221
584,464,attended,2027-02-20,222
720,944,applied,2026-08-24,223
699,16,attended,2028-12-25,224
925,489,attended,2027-12-18,225
432,313,attended,2026-10-08,226
564,443,applied,2027-05-28,227
787,289,applied,2025-06-14,228
574,652,applied,2027-10-04,229
511,34,applied,2026-11-09,230
301,111,attended,2025-03-05,231
199,972,applied,2025-12-13,232
956,821,cancelled,2028-06-07,233
545,138,applied,2025-09-13,234
830,1,cancelled,2026-01-12,235
115,189,applied,2026-05-30,236
753,104,cancelled,2028-03-11,237
923,335,cancelled,2025-04-08,238
530,170,cancelled,2026-06-23,239
728,519,attended,2027-04-01,240
819,432,cancelled,2028-08-10,241
408,144,cancelled,2028-03-28,242
379,122,cancelled,2025-08-27,243
384,760,cancelled,2028-07-08,244
790,640,applied,2027-12-23,245
887,754,applied,2028-04-12,246
782,720,cancelled,2027-12-27,247
167,55,cancelled,2027-12-05,248
601,266,attended,2028-07-15,249
632,181,attended,2028-08-18,250
740,217,cancelled,2028-05-29,251
656,36,attended,2025-04-28,252
598,222,cancelled,2028-02-02,253
711,641,cancelled,2026-09-27,254
798,226,cancelled,2026-05-03,255
392,859,cancelled,2025-05-04,256
103,551,applied,2026-06-18,257
624,419,applied,2025-09-03,258
4,41,cancelled,2025-03-22,259
921,933,applied,2028-07-12,260
594,321,cancelled,2027-06-14,261
26,262,attended,2028-11-17,262
858,434,attended,2026-07-22,263
363,813,attended,2028-05-13,264
783,500,applied,2025-08-18,265
300,7,cancelled,2025-09-30,266
258,955,attended,2024-12-21,267
311,132,attended,2027-02-23,268
318,344,attended,2025-08-30,269
558,388,applied,2028-01-27,270
642,336,applied,2026-10-13,271
217,734,cancelled,2025-11-12,272
533,807,attended,2025-04-27,273
948,262,applied,2025-09-15,274
792,173,attended,2025-07-29,275
11,107,applied,2027-05-26,276
431,982,attended,2028-06-03,277
898,381,applied,2025-09-12,278
359,292,attended,2025-07-01,279
543,221,applied,2027-11-02,280
377,288,attended,2027-08-03,281
946,321,attended,2027-07-16,282
792,944,attended,2028-08-05,283
758,650,cancelled,2026-04-24,284
470,858,attended,2025-12-31,285
653,740,cancelled,2028-08-04,286
396,150,cancelled,2027-10-12,287
937,563,applied,2026-09-20,288
919,866,cancelled,2026-11-16,289
733,445,cancelled,2025-07-29,290
554,213,applied,2026-07-10,291
476,370,applied,2026-05-19,292
60,182,attended,2026-05-01,293
721,820,attended,2025-03-29,294
475,183,attended,2028-08-02,295
840,668,applied,2027-04-20,296
462,699,applied,2025-08-17,297
9,790,attended,2027-09-07,298
268,686,applied,2024-12-30,299
738,579,attended,2025-01-08,300
932,579,cancelled,2028-09-21,301
421,223,applied,2026-04-09,302
479,646,cancelled,2026-05-27,303
933,277,applied,2028-08-25,304
904,560,cancelled,2028-08-20,305
893,843,cancelled,2027-02-26,306
830,698,applied,2028-01-19,307
215,209,cancelled,2028-01-16,308
469,461,applied,2025-11-24,309
48,991,cancelled,2028-07-05,310
695,395,applied,2026-01-07,311
58,790,cancelled,2025-02-19,312
82,231,cancelled,2025-07-25,313
494,632,attended,2025-01-15,314
426,305,cancelled,2025-04-06,315
506,786,cancelled,2026-07-17,316
73,972,attended,2028-05-29,317
106,910,cancelled,2028-03-17,318
582,684,applied,2028-08-18,319
70,501,attended,2027-05-27,320
57,867,attended,2028-07-10,321
102,962,attended,2028-06-28,322
292,735,attended,2027-08-25,323
26,470,attended,2028-07-28,324
588,81,attended,2026-01-22,325
322,7,applied,2028-02-24,326
692,598,attended,2024-12-20,327
953,11,attended,2028-04-26,328
963,771,attended,2027-08-05,329
616,404,attended,2027-10-04,330
347,240,cancelled,2026-06-16,331
866,63,applied,2025-07-28,332
587,36,attended,2026-09-01,333
59,893,cancelled,2027-08-01,334
167,581,cancelled,2027-12-01,335
261,519,cancelled,2025-09-16,336
763,824,attended,2026-08-20,337
898,36,applied,2028-11-11,338
938,262,attended,2026-07-11,339
339,477,cancelled,2026-07-07,340
917,919,cancelled,2025-05-22,341
408,110,cancelled,2027-04-09,342
433,22,attended,2026-08-18,343
585,863,applied,2028-08-11,344
85,349,cancelled,2028-05-02,345
983,371,applied,2028-11-18,346
77,586,cancelled,2028-09-09,347
250,116,applied,2026-05-28,348
846,625,applied,2025-07-24,349
246,210,cancelled,2028-10-07,350
633,609,attended,2025-05-11,351
193,443,applied,2028-02-17,352
557,827,cancelled,2028-10-18,353
170,281,attended,2025-09-10,354
610,607,applied,2027-11-23,355
991,995,attended,2026-11-20,356
352,175,attended,2028-08-26,357
953,800,cancelled,2025-01-18,358
83,588,applied,2025-11-27,359
939,760,applied,2025-08-28,360
57,390,applied,2027-03-03,361
899,194,cancelled,2028-05-15,362
123,186,applied,2027-08-06,363
243,235,cancelled,2027-06-14,364
934,590,attended,2025-10-09,365
510,651,attended,2025-06-07,366
583,437,cancelled,2025-03-29,367
515,28,cancelled,2025-02-13,368
494,831,applied,2028-08-30,369
672,170,attended,2027-04-29,370
751,510,attended,2026-11-10,371
642,911,cancelled,2026-10-21,372
458,780,applied,2028-11-14,373
753,346,cancelled,2028-05-25,374
565,183,cancelled,2028-11-27,375
99,97,cancelled,2028-12-10,376
250,905,applied,2025-08-11,377
1000,645,cancelled,2025-10-18,378
751,253,cancelled,2028-06-22,379
662,591,applied,2025-01-16,380
221,386,cancelled,2024-12-31,381
499,494,applied,2028-08-31,382
440,886,cancelled,2028-11-22,383
552,829,cancelled,2027-01-09,384
651,41,applied,2027-03-24,385
976,698,attended,2026-03-11,386
678,675,cancelled,2028-03-29,387
242,873,attended,2027-09-15,388
108,71,applied,2026-05-28,389
664,648,applied,2026-07-20,390
451,573,attended,2028-01-18,391
522,398,attended,2028-10-04,392
627,860,cancelled,2028-06-12,393
880,843,attended,2027-02-05,394
209,451,attended,2027-08-01,395
96,85,applied,2025-06-24,396
595,918,applied,2024-12-11,397
380,693,attended,2026-09-28,398
488,112,attended,2025-03-18,399
548,555,attended,2028-02-24,400
789,408,cancelled,2025-01-11,401
292,680,attended,2025-11-04,402
80,54,applied,2028-07-07,403
100,849,cancelled,2027-02-27,404
221,147,attended,2028-08-23,405
998,667,cancelled,2027-03-03,406
611,482,attended,2028-03-15,407
534,652,cancelled,2025-03-16,408
955,625,applied,2027-04-28,409
211,174,applied,2025-02-08,410
616,516,attended,2028-12-21,411
117,789,applied,2027-05-27,412
134,501,cancelled,2027-07-17,413
251,495,attended,2025-03-15,414
452,301,applied,2027-11-28,415
929,294,attended,2028-12-27,416
836,220,applied,2028-12-17,417
425,499,attended,2026-05-20,418
453,131,applied,2028-12-11,419
25,511,applied,2025-06-09,420
420,540,applied,2027-06-24,421
267,460,applied,2028-03-27,422
716,172,attended,2026-06-05,423
272,164,cancelled,2026-07-20,424
879,706,attended,2026-07-22,425
290,175,cancelled,2025-05-02,426
161,336,cancelled,2025-05-12,427
174,470,cancelled,2028-11-24,428
4,714,attended,2028-03-13,429
870,858,attended,2026-12-10,430
561,495,attended,2028-02-06,431
687,914,applied,2027-12-16,432
873,430,attended,2024-12-24,433
17,185,applied,2027-10-11,434
843,264,applied,2028-05-28,435
329,444,attended,2027-06-23,436
708,561,cancelled,2026-12-24,437
719,979,attended,2028-12-01,438
94,447,cancelled,2027-08-05,439
955,21,applied,2025-08-26,440
505,808,attended,2025-12-03,441
255,106,cancelled,2028-02-09,442
404,657,applied,2025-03-16,443
54,634,applied,2026-12-07,444
114,117,applied,2027-11-10,445
403,332,applied,2026-02-01,446
450,102,cancelled,2025-01-14,447
467,569,attended,2026-09-01,448
204,552,attended,2026-10-18,449
212,311,cancelled,2028-08-11,450
225,9,attended,2027-01-27,451
860,250,applied,2027-02-02,452
266,122,cancelled,2026-01-28,453
151,257,applied,2026-11-02,454
854,732,applied,2026-05-21,455
774,438,cancelled,2026-10-29,456
286,396,cancelled,2026-06-16,457
636,775,cancelled,2026-08-20,458
608,845,attended,2028-06-07,459
357,732,applied,2027-04-19,460
717,388,cancelled,2025-12-14,461
58,595,attended,2028-06-16,462
834,344,attended,2027-06-29,463
681,759,applied,2027-06-07,464
889,544,attended,2026-04-08,465
464,673,attended,2025-06-13,466
338,379,applied,2027-11-08,467
361,529,applied,2026-07-23,468
175,998,attended,2028-06-10,469
155,622,cancelled,2026-02-04,470
842,85,applied,2026-05-28,471
983,529,cancelled,2027-07-05,472
771,663,attended,2027-05-12,473
809,991,cancelled,2026-09-24,474
760,921,applied,2027-03-12,475
260,216,attended,2024-12-27,476
512,338,applied,2025-10-22,477
766,328,applied,2027-07-30,478
992,467,attended,2028-11-22,479
183,610,applied,2025-10-30,480
300,833,attended,2028-03-16,481
717,627,cancelled,2025-01-24,482
737,295,attended,2028-10-17,483
437,472,attended,2026-08-31,484
102,171,cancelled,2028-06-19,485
17,744,cancelled,2025-05-10,486
920,56,cancelled,2028-12-25,487
903,138,attended,2026-03-28,488
237,627,cancelled,2025-10-24,489
431,216,cancelled,2028-01-18,490
813,564,applied,2028-01-26,491
301,81,cancelled,2026-06-29,492
661,758,applied,2027-05-23,493
586,321,attended,2026-10-15,494
769,697,cancelled,2026-08-16,495
493,296,applied,2027-12-12,496
724,388,cancelled,2028-12-27,497
535,525,attended,2027-08-13,498
692,859,cancelled,2025-04-06,499
721,871,applied,2027-11-13,500
918,137,applied,2027-05-22,501
999,140,applied,2028-05-23,502
594,320,attended,2025-05-07,503
261,307,attended,2026-07-01,504
299,569,applied,2027-10-07,505
625,845,attended,2028-09-13,506
949,474,attended,2025-04-16,507
596,207,cancelled,2028-07-17,508
962,186,cancelled,2025-07-22,509
821,950,applied,2025-10-18,510
170,344,attended,2025-08-31,511
927,223,cancelled,2026-04-17,512
822,905,cancelled,2028-11-20,513
487,799,cancelled,2027-03-12,514
598,291,applied,2026-09-14,515
981,665,cancelled,2028-02-18,516
366,71,applied,2025-05-13,517
974,485,cancelled,2027-10-23,518
987,777,attended,2027-11-08,519
364,421,cancelled,2027-06-03,520
662,326,applied,2025-11-19,521
270,198,applied,2028-09-12,522
407,445,attended,2026-05-16,523
164,417,attended,2026-01-01,524
515,541,attended,2026-11-16,525
734,506,applied,2026-05-27,526
386,769,cancelled,2024-12-17,527
72,936,applied,2025-02-19,528
717,744,applied,2025-07-06,529
985,587,cancelled,2026-11-21,530
859,46,applied,2027-01-09,531
140,79,applied,2028-07-19,532
900,892,attended,2026-10-10,533
495,986,applied,2028-03-05,534
154,791,attended,2027-08-07,535
501,650,attended,2028-05-26,536
335,788,cancelled,2027-04-30,537
345,732,cancelled,2027-12-15,538
479,148,applied,2025-02-01,539
504,696,applied,2028-05-04,540
706,356,applied,2025-11-20,541
708,111,attended,2028-06-05,542
813,590,applied,2027-05-30,543
551,178,applied,2027-05-24,544
638,243,cancelled,2026-03-09,545
689,414,attended,2027-07-20,546
57,890,attended,2025-08-18,547
141,108,applied,2026-09-17,548
459,337,attended,2025-06-11,549
517,462,cancelled,2026-01-29,550
484,833,attended,2027-07-05,551
46,515,attended,2025-09-22,552
824,325,attended,2028-04-22,553
36,544,cancelled,2028-07-12,554
271,404,cancelled,2027-07-29,555
236,133,applied,2027-04-26,556
212,142,applied,2028-08-21,557
474,5,applied,2026-02-07,558
869,212,applied,2027-01-31,559
265,57,applied,2026-11-13,560
118,144,cancelled,2026-05-31,561
181,11,applied,2025-08-05,562
116,623,cancelled,2026-01-06,563
313,24,attended,2025-08-31,564
497,339,applied,2028-11-07,565
199,799,applied,2028-03-01,566
387,541,cancelled,2024-12-24,567
825,293,applied,2027-12-25,568
390,334,cancelled,2027-03-06,569
424,473,cancelled,2025-08-31,570
447,49,attended,2025-11-30,571
475,104,cancelled,2026-03-20,572
340,254,cancelled,2027-03-24,573
354,659,applied,2027-04-20,574
39,980,attended,2027-09-05,575
493,324,attended,2025-07-15,576
359,6,applied,2027-04-28,577
657,569,cancelled,2027-11-27,578
913,119,cancelled,2028-10-11,579
58,850,attended,2025-05-13,580
854,484,attended,2025-05-08,581
414,910,cancelled,2025-07-03,582
573,494,cancelled,2027-09-11,583
347,507,applied,2025-05-30,584
791,14,cancelled,2027-11-23,585
454,204,applied,2027-01-04,586
644,546,cancelled,2025-11-21,587
444,684,attended,2026-03-21,588
680,261,attended,2028-04-21,589
267,707,attended,2027-10-06,590
741,917,attended,2025-01-03,591
341,689,attended,2028-08-17,592
928,276,attended,2025-07-04,593
265,990,applied,2028-07-10,594
957,511,attended,2026-02-25,595
356,63,applied,2026-07-15,596
413,839,attended,2027-12-28,597
263,551,attended,2026-10-15,598
258,605,cancelled,2027-01-10,599
701,650,applied,2026-05-03,600
982,139,cancelled,2028-05-03,601
85,244,attended,2025-11-10,602
380,248,cancelled,2025-05-27,603
179,619,cancelled,2025-02-11,604
923,915,applied,2027-09-04,605
174,70,attended,2025-06-12,606
928,51,applied,2026-05-26,607
652,278,applied,2028-04-28,608
910,923,cancelled,2027-11-17,609
956,34,attended,2025-06-27,610
776,42,applied,2027-03-14,611
534,370,applied,2025-10-15,612
902,748,cancelled,2028-01-15,613
651,102,cancelled,2027-04-03,614
368,101,attended,2025-08-28,615
391,725,applied,2027-03-27,616
520,817,attended,2025-02-23,617
252,51,cancelled,2025-02-18,618
825,221,cancelled,2028-12-21,619
583,641,applied,2027-09-23,620
398,414,attended,2026-06-27,621
375,829,cancelled,2025-06-17,622
431,758,applied,2025-02-25,623
786,908,cancelled,2025-09-02,624
382,171,cancelled,2028-08-09,625
543,66,cancelled,2026-02-07,626
943,490,cancelled,2025-10-01,627
423,153,applied,2025-09-16,628
685,293,attended,2026-01-18,629
471,214,attended,2026-07-06,630
529,47,applied,2027-08-24,631
819,541,attended,2028-04-07,632
921,332,attended,2026-07-17,633
486,708,cancelled,2028-09-11,634
232,797,cancelled,2026-05-16,635
864,123,attended,2026-10-30,636
173,159,attended,2026-09-23,637
931,746,applied,2027-01-10,638
483,632,applied,2025-12-14,639
627,542,applied,2027-01-14,640
396,331,applied,2025-04-17,641
673,285,applied,2026-03-17,642
280,714,applied,2024-12-24,643
373,349,applied,2026-08-11,644
22,936,attended,2024-12-28,645
254,94,attended,2028-08-20,646
534,687,applied,2026-06-16,647
984,776,applied,2025-12-31,648
431,226,cancelled,2025-06-24,649
520,757,attended,2026-08-31,650
462,634,attended,2027-12-18,651
147,296,cancelled,2027-01-04,652
927,89,attended,2025-01-25,653
587,128,applied,2025-10-14,654
275,708,cancelled,2028-06-11,655
507,874,attended,2027-05-27,656
189,290,cancelled,2027-10-12,657
287,801,attended,2027-11-30,658
804,336,attended,2028-12-02,659
931,719,attended,2028-08-09,660
492,398,applied,2028-03-05,661
356,819,applied,2027-02-27,662
627,857,cancelled,2028-03-29,663
142,140,attended,2028-10-03,664
698,901,attended,2024-12-22,665
433,91,cancelled,2024-12-10,666
567,90,applied,2025-08-25,667
568,352,attended,2027-03-05,668
10,133,applied,2025-11-11,669
131,419,attended,2025-07-21,670
527,69,applied,2025-10-27,671
836,894,attended,2027-10-29,672
333,742,applied,2027-03-24,673
385,795,attended,2028-12-08,674
114,170,attended,2026-11-22,675
707,861,attended,2025-12-22,676
319,757,attended,2027-11-29,677
957,821,applied,2026-10-20,678
996,106,attended,2025-10-16,679
952,752,attended,2025-07-16,680
917,542,cancelled,2028-02-29,681
706,65,cancelled,2026-03-10,682
143,539,applied,2026-06-11,683
466,657,attended,2026-06-08,684
573,946,attended,2026-11-27,685
765,83,applied,2028-02-15,686
755,118,applied,2025-06-05,687
412,104,applied,2028-02-20,688
824,486,applied,2025-04-09,689
402,848,applied,2026-03-30,690
472,760,attended,2028-06-12,691
702,190,attended,2028-11-23,692
663,878,attended,2027-06-02,693
110,271,attended,2027-05-11,694
539,999,cancelled,2028-07-11,695
692,839,applied,2027-03-16,696
968,293,applied,2025-09-07,697
52,87,cancelled,2025-02-04,698
293,13,cancelled,2024-12-21,699
114,117,attended,2028-01-21,700
833,215,cancelled,2027-03-05,701
901,795,cancelled,2028-05-27,702
820,16,attended,2025-07-14,703
809,186,cancelled,2027-02-19,704
671,401,applied,2028-05-21,705
58,878,cancelled,2026-03-02,706
623,507,cancelled,2028-05-16,707
785,916,applied,2026-10-29,708
56,508,applied,2027-12-16,709
283,56,attended,2026-07-26,710
84,16,cancelled,2025-03-15,711
917,489,cancelled,2026-06-10,712
678,416,cancelled,2028-06-14,713
444,946,applied,2028-01-18,714
419,156,applied,2026-04-26,715
437,519,cancelled,2027-02-28,716
164,259,attended,2025-08-15,717
146,26,attended,2026-03-12,718
25,620,cancelled,2028-01-20,719
128,195,applied,2028-02-24,720
370,149,applied,2028-05-25,721
208,924,cancelled,2025-07-20,722
949,95,cancelled,2028-05-06,723
715,136,attended,2027-12-06,724
709,390,applied,2025-10-03,725
532,649,attended,2028-09-06,726
398,774,applied,2028-03-31,727
931,606,applied,2026-08-12,728
957,860,cancelled,2028-05-20,729
269,535,attended,2025-01-06,730
941,524,applied,2025-11-01,731
533,737,cancelled,2025-11-01,732
532,937,attended,2025-12-30,733
658,911,cancelled,2025-03-19,734
372,501,attended,2026-03-10,735
903,208,applied,2026-12-02,736
51,49,attended,2028-10-02,737
357,303,applied,2028-01-27,738
245,953,applied,2028-08-14,739
939,359,attended,2025-12-06,740
552,172,cancelled,2025-08-19,741
179,798,applied,2026-09-13,742
436,508,applied,2025-11-05,743
530,101,cancelled,2027-07-30,744
117,342,applied,2027-04-25,745
51,392,cancelled,2027-01-06,746
725,12,applied,2027-09-12,747
372,165,applied,2028-11-04,748
653,893,cancelled,2027-04-05,749
694,455,attended,2028-10-01,750
80,657,applied,2025-06-19,751
319,452,cancelled,2026-08-27,752
401,323,attended,2025-08-05,753
961,563,applied,2027-10-01,754
772,463,cancelled,2026-02-03,755
301,569,cancelled,2027-04-16,756
776,221,applied,2027-08-07,757
940,118,applied,2025-06-07,758
572,602,applied,2028-08-19,759
549,876,cancelled,2028-10-14,760
900,744,attended,2025-02-15,761
835,692,applied,2027-10-26,762
755,589,attended,2028-11-23,763
721,227,cancelled,2027-07-05,764
773,872,applied,2027-03-14,765
294,627,cancelled,2028-11-13,766
398,367,cancelled,2028-05-06,767
693,636,cancelled,2024-12-14,768
958,144,applied,2026-10-03,769
418,426,applied,2026-03-24,770
387,712,attended,2025-10-19,771
628,678,applied,2028-06-28,772
658,89,attended,2027-12-02,773
148,24,applied,2027-05-05,774
779,922,applied,2025-03-26,775
973,925,applied,2027-04-24,776
397,629,cancelled,2025-03-10,777
95,92,applied,2027-02-09,778
141,710,attended,2025-10-31,779
98,956,applied,2027-12-14,780
653,213,cancelled,2025-08-04,781
100,373,attended,2027-07-05,782
174,834,attended,2028-10-30,783
314,472,cancelled,2028-09-01,784
458,548,cancelled,2025-07-17,785
120,601,applied,2027-11-28,786
803,531,applied,2026-01-22,787
565,117,cancelled,2026-09-03,788
404,450,attended,2028-04-23,789
419,740,cancelled,2026-05-16,790
17,319,attended,2028-12-24,791
122,879,cancelled,2025-12-26,792
506,514,cancelled,2025-09-01,793
4,439,applied,2025-09-15,794
51,755,applied,2026-02-05,795
510,415,attended,2028-11-17,796
267,479,applied,2028-12-11,797
298,761,applied,2027-09-23,798
844,271,attended,2027-12-16,799
846,626,attended,2027-09-20,800
292,488,cancelled,2027-08-05,801
222,120,cancelled,2027-05-19,802
332,58,cancelled,2025-01-23,803
799,287,applied,2028-10-18,804
367,865,applied,2025-04-02,805
721,989,applied,2025-10-11,806
185,801,cancelled,2027-06-18,807
930,482,attended,2026-12-23,808
288,653,applied,2025-06-29,809
311,929,applied,2027-09-10,810
197,717,cancelled,2026-05-14,811
501,86,attended,2028-11-27,812
506,969,applied,2025-01-16,813
997,99,attended,2027-08-01,814
485,903,attended,2027-03-07,815
781,292,cancelled,2027-11-24,816
92,865,attended,2027-01-12,817
347,96,attended,2027-03-16,818
963,907,attended,2025-04-17,819
442,514,applied,2027-11-25,820
608,636,cancelled,2026-07-30,821
425,392,applied,2028-12-12,822
893,326,applied,2026-06-05,823
290,118,cancelled,2026-11-22,824
338,346,attended,2027-05-03,825
797,779,cancelled,2024-12-29,826
929,441,attended,2028-05-26,827
817,567,attended,2026-09-06,828
50,347,attended,2025-05-10,829
111,781,applied,2027-01-26,830
14,57,applied,2027-09-28,831
106,142,attended,2026-06-08,832
66,297,attended,2028-08-22,833
714,593,attended,2026-03-27,834
448,21,applied,2027-11-05,835
385,586,applied,2028-01-26,836
706,74,cancelled,2028-10-08,837
664,925,attended,2026-05-25,838
11,766,attended,2024-12-20,839
137,704,applied,2027-09-13,840
774,422,applied,2026-11-28,841
549,506,attended,2025-06-20,842
35,516,applied,2025-09-05,843
333,85,attended,2027-06-25,844
759,188,cancelled,2028-05-15,845
145,106,attended,2026-01-15,846
317,621,cancelled,2025-05-17,847
225,18,cancelled,2027-12-14,848
237,947,attended,2025-07-18,849
496,176,attended,2027-06-21,850
611,830,attended,2028-05-19,851
667,751,applied,2026-03-30,852
60,813,applied,2028-03-19,853
924,243,attended,2024-12-21,854
525,122,cancelled,2025-11-20,855
230,42,applied,2026-06-16,856
101,862,cancelled,2025-11-23,857
839,779,applied,2025-12-24,858
522,39,cancelled,2028-05-09,859
711,763,attended,2025-08-12,860
914,47,cancelled,2028-12-02,861
27,41,cancelled,2026-11-01,862
341,980,cancelled,2026-05-07,863
974,315,applied,2025-10-10,864
776,867,attended,2026-05-14,865
258,318,attended,2028-11-24,866
736,385,cancelled,2027-05-09,867
754,846,attended,2028-12-24,868
676,960,cancelled,2028-11-19,869
255,268,cancelled,2025-03-30,870
789,812,applied,2028-09-20,871
952,289,attended,2025-03-15,872
105,858,cancelled,2025-12-04,873
719,251,attended,2027-08-29,874
787,226,applied,2026-11-03,875
692,266,attended,2025-12-27,876
874,347,applied,2027-09-30,877
391,826,cancelled,2026-09-13,878
86,756,cancelled,2026-09-24,879
115,625,applied,2028-01-02,880
623,431,attended,2028-03-01,881
879,898,attended,2025-01-13,882
791,890,attended,2025-02-08,883
105,187,applied,2026-11-18,884
368,908,attended,2026-08-11,885
440,265,cancelled,2026-11-01,886
425,810,applied,2027-09-21,887
371,347,applied,2025-08-11,888
979,893,cancelled,2026-08-28,889
2,480,applied,2025-12-10,890
53,822,applied,2028-12-30,891
5,666,attended,2026-07-14,892
985,21,applied,2026-12-03,893
469,809,attended,2028-06-02,894
205,436,attended,2028-08-08,895
445,850,attended,2027-09-15,896
222,451,applied,2028-12-23,897
751,205,attended,2028-02-22,898
476,355,attended,2026-07-13,899
870,458,cancelled,2026-10-14,900
698,18,cancelled,2028-04-22,901
820,958,attended,2028-06-26,902
596,660,applied,2028-12-06,903
936,869,cancelled,2027-07-18,904
205,143,attended,2026-10-15,905
568,903,attended,2025-05-11,906
451,952,attended,2025-07-05,907
203,871,attended,2025-09-27,908
725,730,cancelled,2027-11-09,909
767,637,cancelled,2028-01-27,910
489,960,cancelled,2028-10-05,911
708,355,cancelled,2028-11-08,912
286,521,attended,2026-06-30,913
679,829,cancelled,2027-11-23,914
126,617,applied,2026-12-18,915
279,767,applied,2026-03-15,916
110,387,cancelled,2026-04-24,917
554,555,applied,2028-07-03,918
666,497,applied,2025-11-12,919
207,445,cancelled,2025-02-25,920
207,95,applied,2028-11-02,921
680,734,applied,2026-01-09,922
913,608,attended,2025-11-25,923
1000,926,cancelled,2025-10-17,924
792,608,cancelled,2025-01-28,925
736,898,cancelled,2027-09-10,926
938,813,applied,2026-05-03,927
790,785,cancelled,2026-05-09,928
768,420,cancelled,2025-03-29,929
894,264,attended,2028-10-25,930
860,943,cancelled,2027-11-24,931
992,457,cancelled,2026-02-05,932
806,584,cancelled,2027-10-06,933
979,541,cancelled,2026-12-07,934
344,12,attended,2025-06-05,935
556,370,cancelled,2025-04-25,936
817,396,cancelled,2027-03-23,937
946,537,attended,2026-01-14,938
374,7,cancelled,2027-12-11,939
734,375,applied,2026-07-12,940
626,720,cancelled,2025-01-23,941
873,11,cancelled,2025-06-24,942
413,785,cancelled,2025-05-11,943
740,253,attended,2025-03-01,944
483,740,cancelled,2025-08-13,945
834,142,cancelled,2025-10-26,946
237,108,attended,2025-07-15,947
422,121,applied,2027-11-02,948
414,979,cancelled,2025-03-04,949
963,507,cancelled,2027-09-23,950
95,606,attended,2027-11-22,951
417,559,attended,2025-12-19,952
855,33,applied,2027-08-25,953
563,202,attended,2025-12-21,954
614,216,applied,2025-03-11,955
220,409,attended,2027-04-07,956
120,445,cancelled,2026-11-06,957
404,587,attended,2025-08-04,958
110,611,cancelled,2026-05-28,959
937,671,cancelled,2028-11-15,960
355,357,applied,2025-02-25,961
774,123,attended,2028-04-21,962
599,874,attended,2025-08-02,963
234,668,attended,2026-10-30,964
495,951,cancelled,2025-02-25,965
426,222,applied,2025-04-04,966
444,156,applied,2025-10-30,967
89,895,cancelled,2027-06-23,968
409,350,attended,2027-12-28,969
511,731,cancelled,2028-06-08,970
6,530,applied,2027-02-09,971
41,856,cancelled,2027-03-01,972
479,72,attended,2027-06-12,973
876,759,cancelled,2025-11-03,974
740,651,cancelled,2025-06-18,975
646,508,attended,2025-06-02,976
316,486,cancelled,2028-02-17,977
174,677,cancelled,2025-11-19,978
537,186,attended,2025-06-13,979
934,61,cancelled,2027-10-25,980
479,378,attended,2027-09-20,981
983,733,attended,2024-12-27,982
356,933,applied,2026-07-07,983
886,943,applied,2027-07-08,984
426,421,attended,2028-07-01,985
199,853,applied,2028-09-26,986
115,634,cancelled,2027-06-17,987
244,290,applied,2028-10-10,988
256,264,applied,2027-05-30,989
890,616,cancelled,2025-05-25,990
468,97,applied,2026-03-14,991
977,599,cancelled,2028-04-23,992
257,129,cancelled,2028-01-09,993
664,232,cancelled,2027-01-30,994
696,538,attended,2028-09-23,995
305,950,attended,2026-10-17,996
216,201,attended,2027-05-15,997
254,69,attended,2025-08-22,998
682,755,applied,2027-12-29,999
22,254,applied,2026-06-28,1000
